y_pred,y_true
0,0
0,0
0,16
0,0
7,7
4,4
0,3
3,3
0,0
0,0
0,3
3,3
4,4
4,4
7,7
0,3
7,7
0,4
3,3
0,0
7,7
0,3
3,3
0,3
0,1
1,4
0,15
4,4
0,0
3,3
0,0
16,16
0,0
3,4
0,0
0,0
3,16
3,3
4,4
0,0
5,5
3,3
0,16
16,16
0,0
0,0
0,3
0,0
19,19
8,8
4,5
3,3
0,1
3,1
0,0
4,5
4,4
0,3
3,5
0,0
0,5
0,0
0,3
0,0
7,7
11,11
3,3
0,0
4,4
0,3
0,0
0,0
3,4
0,3
0,3
5,5
0,0
0,0
4,8
0,0
0,3
0,0
4,7
3,0
4,4
0,0
3,3
4,3
7,7
1,3
0,16
4,4
0,0
0,3
16,4
3,1
0,0
7,7
4,4
0,1
0,0
3,16
0,0
16,16
4,1
0,0
5,5
3,4
4,4
3,0
0,3
0,0
4,4
0,0
4,4
4,4
0,0
3,13
0,0
3,3
0,0
4,4
0,0
0,0
4,3
0,0
3,0
0,2
13,4
0,0
0,0
3,0
3,3
17,17
7,7
0,4
0,2
3,3
5,5
0,0
0,3
3,3
3,0
14,14
3,3
2,3
1,1
3,4
0,0
4,16
3,3
0,0
0,1
3,0
0,16
8,8
4,4
4,0
0,2
4,3
0,0
0,0
0,16
0,3
0,3
4,4
3,3
3,3
0,2
0,0
3,3
14,14
0,0
3,0
0,0
3,0
7,7
0,0
7,7
4,4
17,17
3,4
0,0
0,0
4,4
0,0
0,0
3,15
0,0
4,1
0,0
4,4
4,4
7,7
0,1
3,3
16,16
0,0
5,4
3,0
3,0
0,0
0,3
0,7
3,3
7,7
0,0
1,11
3,4
2,2
0,1
0,0
0,5
17,17
3,3
2,1
3,3
0,0
0,0
8,8
0,3
14,14
7,7
0,0
0,7
0,0
0,0
3,0
0,0
0,0
0,0
3,4
0,7
3,3
7,3
0,3
0,3
0,0
0,3
0,0
0,0
3,3
0,0
4,4
3,0
0,0
0,0
0,0
1,1
0,0
4,4
0,5
3,3
4,4
3,0
1,1
3,3
0,0
0,3
0,0
3,3
0,0
0,14
0,3
0,3
4,3
0,3
3,3
0,3
0,0
0,3
0,0
0,15
16,16
14,14
0,4
0,0
3,3
3,16
5,5
0,0
0,15
0,0
1,13
3,3
0,0
16,4
0,1
3,3
3,3
3,3
0,0
5,5
3,3
0,0
0,0
4,4
0,19
0,13
0,0
7,7
4,4
0,0
0,3
0,0
3,3
5,5
0,3
0,2
3,3
0,5
0,0
4,4
0,0
2,2
7,8
4,4
0,3
0,0
4,2
3,3
4,4
3,5
0,0
0,17
0,0
0,0
4,4
0,1
3,3
0,0
0,0
3,0
0,3
14,14
16,16
4,17
0,0
0,0
0,0
5,0
0,0
0,0
3,3
0,0
8,8
0,0
3,3
0,3
0,3
0,0
0,0
0,0
0,0
0,3
13,13
7,7
0,0
0,4
0,3
7,7
3,0
3,3
0,11
0,0
0,0
0,4
3,3
0,0
3,0
3,3
4,4
0,3
4,4
0,17
0,0
3,0
0,15
0,0
0,0
4,4
0,0
0,0
0,3
0,0
0,0
0,5
4,4
3,0
17,17
4,2
4,4
4,4
2,4
0,0
0,4
0,0
0,0
0,0
0,7
4,0
0,0
0,5
0,0
17,17
0,0
0,1
4,11
0,0
0,3
0,0
0,3
3,0
0,1
0,3
0,0
0,0
1,1
0,0
5,5
0,0
4,4
0,0
4,4
3,3
3,0
3,0
3,3
0,0
3,3
0,0
0,1
0,3
4,4
1,1
0,0
3,3
0,3
0,0
2,17
0,0
3,3
1,0
16,16
0,0
13,13
4,0
0,0
0,0
0,13
0,5
0,0
0,0
0,0
4,7
16,16
0,0
0,0
0,0
3,3
3,4
0,17
3,3
2,2
0,0
0,1
4,4
0,0
5,16
0,3
3,3
0,0
0,0
4,4
7,7
3,3
0,0
3,3
3,0
0,4
0,4
0,3
2,4
0,0
0,0
0,0
0,3
0,0
0,17
16,16
0,0
0,1
0,3
0,0
3,3
0,0
0,3
0,0
14,2
3,3
0,0
3,14
0,0
0,0
0,14
0,0
0,0
4,4
0,3
16,16
0,0
0,0
0,14
0,3
0,0
0,5
0,0
4,1
0,0
4,4
3,3
0,0
0,0
4,4
3,3
0,0
17,3
0,2
5,5
0,0
4,3
3,0
0,0
0,0
3,1
7,7
0,0
0,0
4,4
0,0
3,3
0,0
0,0
0,0
0,0
0,1
0,0
0,4
0,0
0,4
15,7
3,3
4,16
0,0
17,1
0,0
0,0
0,4
0,0
0,0
0,0
7,7
7,7
3,0
16,16
16,16
0,0
0,0
4,4
0,0
4,4
0,0
0,0
0,0
0,0
2,2
0,0
0,17
3,0
15,15
7,2
0,3
4,4
11,11
3,0
7,3
0,14
4,4
0,0
0,0
0,0
0,0
7,7
0,0
2,3
3,3
3,0
0,0
4,4
0,0
17,3
0,0
3,14
0,0
17,17
4,4
0,0
4,0
3,3
0,0
0,3
3,3
0,3
7,7
0,0
0,0
0,4
3,3
0,0
0,2
0,0
3,3
3,3
0,0
3,3
3,4
3,3
3,1
0,0
3,3
0,0
0,3
0,0
2,5
7,7
0,0
0,3
7,2
16,0
0,0
0,13
0,0
0,0
0,0
0,7
0,0
3,3
0,0
0,1
0,3
0,3
4,17
0,0
3,4
0,3
0,0
3,0
4,4
13,13
7,7
4,4
0,14
0,0
0,0
15,16
0,15
0,1
0,0
3,3
0,0
0,1
0,0
3,3
0,0
3,3
5,0
16,16
3,3
4,4
0,0
0,13
1,11
0,15
3,3
0,0
17,17
0,0
3,3
4,4
0,3
3,3
7,7
4,4
3,3
3,3
3,1
3,14
0,3
0,0
3,5
4,3
7,4
4,4
0,3
2,2
1,1
3,5
4,4
4,4
0,0
4,4
0,5
0,0
4,4
3,3
0,3
3,3
0,0
0,0
0,0
3,0
3,3
4,0
0,0
17,4
0,0
0,17
3,1
3,3
3,4
4,4
4,4
4,4
0,0
0,0
3,3
3,0
3,3
0,1
0,0
7,0
0,3
0,0
0,3
4,4
0,0
0,0
4,4
0,4
0,0
0,7
0,17
3,4
0,0
7,7
0,0
0,5
0,0
3,0
0,0
7,3
16,16
0,0
0,0
0,0
7,7
4,4
0,1
0,0
17,17
0,0
7,3
0,0
0,3
3,0
0,17
0,4
0,0
16,16
3,3
3,3
0,0
0,0
3,3
0,0
3,3
3,3
0,0
0,0
0,0
0,0
0,0
0,0
3,3
0,0
0,0
3,3
0,5
3,0
0,3
0,16
1,1
0,0
0,3
0,0
0,0
0,0
4,3
0,16
4,4
15,15
0,0
0,17
0,3
0,0
0,5
0,3
17,0
3,3
3,2
0,0
0,0
3,0
7,8
0,0
16,3
3,3
3,3
0,0
1,1
0,0
0,0
3,3
0,0
4,0
3,0
3,3
0,3
0,0
3,3
0,7
4,4
7,7
0,0
4,4
4,4
3,3
0,0
4,17
2,17
7,7
1,0
5,5
0,4
3,7
0,3
0,4
4,4
0,0
0,0
13,13
0,3
0,3
3,3
3,3
0,0
7,7
0,0
0,0
0,0
0,19
0,3
16,4
7,7
7,0
0,1
4,13
0,0
0,0
3,3
7,7
7,4
0,0
2,0
0,0
19,19
0,0
5,5
0,0
0,3
0,3
0,0
0,8
3,4
3,3
0,0
4,4
0,0
3,3
0,14
0,0
3,3
0,16
0,0
17,3
0,0
0,3
0,0
4,3
0,0
0,0
4,0
16,17
4,2
0,7
3,3
0,0
0,3
0,0
0,3
0,7
3,3
0,3
0,1
8,8
0,1
0,0
19,19
0,0
4,4
3,3
5,5
3,1
0,0
3,3
0,4
0,0
4,13
4,4
0,16
0,0
0,0
3,3
2,4
7,3
4,4
0,3
0,3
19,17
0,0
4,4
2,2
0,7
5,5
3,3
0,13
0,0
7,7
16,16
0,0
3,3
3,14
7,7
0,0
4,0
3,0
0,0
3,0
0,0
4,4
0,0
4,4
3,15
0,5
0,0
0,4
0,3
0,4
4,4
3,3
3,3
3,3
3,13
3,2
1,7
0,3
11,11
4,4
0,0
4,5
0,3
0,0
3,3
0,0
4,4
0,0
19,17
4,0
3,3
3,5
5,5
17,17
3,4
0,0
0,0
4,4
3,0
4,3
14,0
0,7
3,0
3,1
2,2
0,1
0,3
7,7
3,3
3,3
0,0
3,5
4,4
0,0
4,5
0,0
0,14
3,0
0,0
4,3
4,2
3,0
0,4
0,0
3,16
0,0
4,4
0,3
0,0
0,17
0,0
0,0
0,0
0,4
3,15
0,0
0,0
0,17
0,0
4,3
3,3
3,3
15,15
4,4
0,0
0,0
0,4
0,0
0,0
0,3
4,4
0,0
0,0
0,0
0,0
16,16
4,4
0,11
0,3
0,0
0,4
3,0
3,4
3,1
0,0
3,3
0,0
5,1
2,14
0,0
3,3
0,0
0,3
16,16
0,0
3,0
19,19
0,3
4,4
0,0
0,16
0,0
0,3
16,16
5,5
0,0
0,0
5,5
3,3
0,0
0,0
0,3
3,3
3,17
0,0
0,3
0,11
0,3
3,1
0,2
0,0
3,3
4,17
4,5
7,7
4,4
3,3
0,0
0,0
0,0
3,0
0,0
3,7
0,0
0,3
0,3
0,1
3,4
4,4
0,1
0,0
4,4
0,3
3,3
3,3
3,0
4,2
0,3
3,3
7,5
17,17
0,0
17,17
15,15
0,0
0,0
2,2
16,16
7,7
0,17
0,0
5,5
7,7
0,3
0,1
3,3
0,3
3,3
0,0
0,0
0,0
0,0
4,4
0,3
3,0
17,0
0,8
0,0
3,3
0,0
0,1
3,3
3,3
3,3
0,0
1,1
3,3
0,3
0,0
0,7
0,16
3,4
0,3
0,0
0,13
0,0
4,19
14,14
11,11
0,0
11,4
5,5
0,3
4,0
1,3
4,4
0,0
3,4
0,0
5,15
0,5
2,2
0,7
5,14
0,15
0,13
0,0
0,0
0,0
0,0
0,8
0,1
3,3
3,2
3,3
3,11
4,0
0,16
4,4
0,19
0,0
4,16
4,4
0,3
17,4
4,3
0,0
3,3
3,0
2,2
0,3
0,0
0,19
0,4
0,0
3,3
0,0
3,0
0,0
0,0
3,3
0,7
0,4
0,0
4,0
3,0
0,0
0,4
4,4
0,0
3,2
4,3
0,0
4,4
0,3
0,15
3,3
0,3
0,13
0,11
0,3
7,3
11,3
19,19
0,2
0,17
4,3
0,16
0,0
8,8
7,0
0,0
0,0
3,3
0,0
0,3
0,0
3,3
0,0
0,3
0,0
0,0
16,5
3,3
0,0
0,0
4,8
0,0
0,17
0,5
0,0
0,5
15,15
0,1
0,13
0,0
0,3
4,4
0,0
3,3
0,0
0,3
0,0
0,3
0,0
0,5
0,0
0,0
2,0
0,14
0,0
2,4
3,3
3,3
3,3
7,7
0,0
3,3
0,3
7,7
0,0
0,0
17,17
16,16
0,3
3,0
0,0
0,19
4,3
1,1
17,17
3,3
0,0
4,4
5,5
7,0
4,4
0,17
3,3
3,3
4,16
0,0
0,3
0,3
0,0
3,3
0,0
0,0
3,0
4,4
0,0
0,0
3,3
17,17
0,3
4,4
4,3
0,15
0,0
3,0
3,0
3,7
0,3
3,3
1,0
3,1
0,0
1,3
17,17
0,0
0,0
0,0
4,4
0,0
7,7
4,3
0,1
4,4
3,0
0,0
3,1
0,0
0,0
3,3
4,4
0,0
7,0
0,0
3,11
0,3
0,0
0,0
0,0
0,0
5,5
0,0
0,0
3,0
0,0
4,4
0,0
3,3
3,0
7,7
0,3
7,0
0,7
0,0
0,0
0,13
3,3
0,0
0,0
0,1
0,0
1,1
0,0
0,3
7,3
0,7
0,0
4,4
3,3
3,0
19,19
0,4
0,17
0,0
3,17
3,0
0,0
4,7
0,0
17,17
0,3
14,14
4,7
0,0
3,3
0,0
5,0
3,0
3,0
0,0
3,3
3,0
0,0
0,4
4,4
0,1
3,3
3,0
0,0
3,3
0,0
0,0
4,4
0,3
0,3
0,0
3,3
3,3
0,0
3,3
0,13
0,0
0,0
0,0
0,0
0,0
3,3
0,0
0,0
0,0
0,0
3,0
0,0
5,4
1,0
0,0
7,7
4,4
0,0
0,11
0,14
0,0
0,0
0,0
7,7
3,3
8,8
3,4
0,0
7,7
0,3
13,13
3,0
0,0
0,0
0,0
0,0
1,1
4,8
4,4
0,3
4,8
0,0
0,5
0,0
0,0
0,3
0,0
0,3
0,0
0,0
7,0
0,0
3,3
0,3
4,4
0,3
0,1
0,8
0,4
3,7
4,2
0,0
0,4
0,0
8,8
0,0
0,0
0,5
0,5
0,0
3,3
7,15
0,3
1,1
0,0
0,0
7,7
3,1
4,4
0,0
0,14
0,0
0,0
4,3
0,0
3,3
3,3
16,4
0,2
0,4
0,3
0,0
0,0
3,0
0,0
0,0
0,0
3,0
0,0
16,16
4,16
4,4
16,7
0,0
3,11
3,0
0,0
3,0
3,3
3,3
3,3
0,0
0,3
3,2
0,0
4,4
4,5
0,8
0,3
0,1
0,0
0,0
0,0
0,5
0,11
3,13
0,1
0,0
0,3
0,0
3,0
0,1
3,3
0,0
3,3
3,0
3,3
4,3
15,15
3,3
3,0
3,0
0,3
3,0
14,14
14,14
4,4
19,0
0,0
0,0
5,5
3,5
7,7
0,0
0,4
0,3
4,4
0,4
0,3
0,0
0,3
0,3
7,0
4,3
0,7
3,4
0,3
0,0
0,0
0,1
0,0
3,3
0,4
0,3
3,0
0,0
0,0
3,0
0,3
0,0
0,0
0,3
0,0
3,3
7,7
4,4
0,5
3,3
0,0
3,3
0,0
0,3
16,4
16,16
0,0
3,1
4,4
0,3
0,0
3,2
0,0
0,0
0,0
0,3
3,14
0,0
0,3
4,3
0,0
7,7
4,4
0,0
3,3
0,0
4,0
0,0
7,7
3,3
0,0
3,0
0,17
7,7
7,7
0,11
3,3
3,4
4,7
4,7
0,3
5,5
4,4
4,0
0,0
3,0
3,3
0,0
3,3
3,0
3,0
0,3
0,0
0,4
0,0
4,4
3,3
0,0
4,4
3,0
7,7
5,5
3,3
0,1
0,8
0,3
15,15
0,0
0,3
7,7
3,0
0,0
0,0
0,0
3,3
3,0
4,4
3,3
0,0
3,0
3,1
0,0
0,16
4,11
3,3
4,4
0,0
0,0
0,0
0,3
0,0
0,0
2,4
3,0
4,4
15,15
4,4
3,3
0,0
0,0
0,0
0,0
0,0
0,0
0,3
0,0
0,3
3,3
0,5
0,8
4,4
3,0
3,1
0,0
0,0
0,3
1,0
0,0
3,11
0,0
7,7
3,4
0,0
4,4
0,0
17,2
19,19
4,4
0,0
0,2
0,0
0,17
0,0
17,2
4,2
0,3
3,3
4,17
3,3
0,0
0,3
0,0
16,4
0,0
0,0
3,3
0,1
3,3
3,3
0,0
3,3
0,0
0,14
8,17
7,3
3,3
0,1
0,0
0,0
0,3
3,13
0,0
0,0
0,0
0,0
0,0
0,3
0,3
19,19
3,3
16,4
3,3
0,0
0,0
0,0
0,14
0,0
0,7
5,5
0,0
7,4
3,0
3,3
0,2
0,0
3,0
3,3
0,3
0,0
0,0
0,17
0,0
0,5
0,0
0,0
16,16
0,0
0,0
0,0
3,3
0,3
0,3
0,1
0,0
0,0
0,3
0,0
4,4
0,0
0,3
0,0
0,0
0,0
3,0
3,3
0,3
4,4
7,2
3,0
0,0
17,4
3,3
0,0
0,0
0,3
7,7
0,0
4,4
0,0
4,4
4,3
7,4
4,3
0,4
7,0
3,1
0,3
3,3
0,0
0,0
3,5
0,0
3,3
0,0
3,3
0,0
0,0
0,0
8,17
4,4
7,7
0,0
3,3
7,7
17,17
0,0
3,4
0,0
16,1
4,4
3,0
0,3
14,14
4,4
0,3
7,19
4,0
3,3
0,2
7,3
3,3
0,0
0,3
0,3
3,0
0,0
0,3
0,3
3,0
2,4
0,0
3,0
2,16
0,17
0,4
0,0
3,3
4,16
0,0
0,0
0,0
0,4
3,3
0,0
4,0
0,0
17,13
0,5
0,0
0,5
7,7
3,3
0,0
0,3
0,0
3,0
0,0
3,3
0,4
0,2
0,0
0,0
0,0
0,1
3,3
3,17
0,0
0,0
0,0
0,0
0,3
0,0
0,0
0,3
0,0
0,2
3,4
4,4
3,14
0,5
3,3
0,17
19,5
14,4
0,0
0,0
0,0
0,0
0,5
0,2
3,3
4,4
0,3
3,4
3,3
0,0
0,0
2,0
3,3
0,0
0,1
0,1
0,0
0,0
3,3
0,0
0,0
0,0
7,0
1,1
3,0
0,0
3,0
8,19
14,14
16,16
0,1
0,0
0,5
4,3
0,0
0,17
0,3
3,3
0,7
0,0
0,0
0,0
0,13
2,2
4,3
0,3
0,0
3,0
1,0
3,0
0,1
0,0
3,3
0,0
0,0
0,8
7,7
0,3
0,0
0,0
0,3
0,0
2,3
3,3
14,8
0,0
0,0
2,5
0,7
3,3
0,3
0,0
3,4
0,0
0,0
16,16
0,1
0,0
3,3
0,7
19,19
3,3
1,1
0,0
0,14
0,0
4,8
3,0
4,4
0,0
2,4
3,4
3,0
0,2
3,0
2,17
0,0
14,14
3,3
3,3
0,0
3,3
7,7
0,3
3,0
3,3
0,3
0,13
0,3
0,3
0,2
0,0
0,0
3,3
3,1
0,0
4,0
3,3
0,14
4,16
16,16
0,0
0,0
0,4
0,0
8,3
3,3
0,0
3,0
0,0
0,3
0,0
0,3
3,14
0,0
3,0
3,0
0,5
3,16
0,17
0,0
0,0
0,0
0,0
3,4
3,0
3,3
4,2
19,19
0,5
3,4
0,1
0,3
16,16
19,19
3,5
0,0
0,0
4,4
4,4
3,0
3,0
0,0
0,0
3,0
3,3
0,1
0,0
0,7
2,4
0,3
3,3
3,0
0,0
3,14
5,5
2,2
3,14
0,0
4,4
11,14
0,0
17,17
0,0
3,0
0,5
0,0
4,4
0,0
0,3
4,15
0,0
0,0
0,3
3,3
0,0
0,5
3,0
0,0
0,1
0,5
4,0
0,0
0,5
0,3
2,4
0,0
3,0
3,3
4,4
4,17
13,13
3,3
0,0
0,0
5,4
2,2
0,16
7,1
0,3
0,0
0,0
0,0
4,4
3,3
0,0
0,7
0,3
4,3
3,3
3,16
0,1
0,0
0,0
0,0
4,0
3,0
0,0
4,16
0,0
0,0
4,3
0,0
0,17
0,0
4,4
3,4
3,17
4,17
15,15
3,3
3,0
0,4
0,0
1,2
0,7
3,3
7,7
3,3
3,3
0,0
3,0
0,0
0,3
0,0
0,3
3,2
0,0
3,3
0,0
4,4
4,3
4,4
3,3
13,13
0,0
4,4
3,0
3,0
0,0
4,7
0,0
0,0
0,17
0,0
0,3
0,0
0,0
3,3
3,3
0,0
3,0
0,0
0,0
0,3
14,14
4,4
3,14
3,0
0,2
4,4
3,3
0,3
0,4
0,0
7,3
3,7
0,0
7,7
0,0
3,1
0,13
0,0
0,0
4,4
3,3
4,4
4,4
3,3
3,3
15,15
0,3
2,2
0,3
4,4
0,0
0,0
0,3
3,0
0,17
0,3
0,3
0,0
7,2
0,0
0,0
3,4
19,19
0,1
15,15
4,8
1,1
7,7
0,0
15,15
0,0
0,0
3,3
4,17
0,0
0,0
3,3
4,4
0,13
4,4
0,0
0,0
0,17
15,4
15,15
3,17
0,17
0,0
0,0
0,0
4,3
3,3
0,0
0,0
2,4
3,1
0,4
0,3
0,0
0,0
3,0
3,1
0,0
0,5
0,0
7,3
3,3
0,7
0,17
4,4
0,3
0,4
0,0
3,3
3,13
4,4
3,16
4,3
5,5
0,0
0,0
4,0
4,3
15,15
0,3
3,3
0,0
3,1
0,0
3,3
3,0
3,3
0,3
0,3
3,3
0,3
5,5
3,7
3,3
0,0
0,0
0,0
0,4
3,3
3,0
0,5
0,14
16,0
0,2
3,3
3,0
0,3
0,0
0,3
4,4
0,3
0,17
0,0
0,0
3,0
4,17
7,15
0,0
0,3
0,0
0,0
4,4
0,0
0,0
1,0
0,3
0,3
0,0
0,0
3,3
0,0
0,5
4,4
0,0
0,0
4,4
7,7
4,4
0,3
3,3
0,1
0,16
0,0
16,17
0,5
0,0
3,5
4,0
0,0
0,0
0,4
3,0
4,7
0,0
19,19
17,17
0,3
0,0
0,0
4,4
15,15
0,0
0,16
0,3
4,4
3,15
0,13
0,1
14,2
0,0
0,0
0,0
0,0
3,0
15,15
3,0
1,0
3,0
0,0
0,17
4,4
3,3
0,0
0,3
3,3
0,3
3,3
0,0
3,3
0,0
4,4
0,0
3,0
4,4
0,0
3,3
0,0
0,19
0,4
7,7
0,5
0,3
4,0
0,3
0,4
0,0
0,0
0,0
0,0
0,0
0,7
4,1
2,2
3,2
4,4
4,4
3,0
3,0
2,2
0,3
3,3
3,8
4,4
0,0
0,0
0,0
0,4
0,0
5,5
0,3
0,0
4,16
3,3
3,0
3,3
0,0
3,0
7,7
0,3
0,0
0,0
3,3
13,13
7,7
0,3
5,0
7,7
3,1
4,4
14,14
4,4
0,3
4,16
0,14
0,3
0,0
0,0
0,3
0,0
0,3
3,3
0,16
4,4
3,3
0,1
0,3
4,2
0,0
0,0
0,0
0,0
3,3
0,0
17,17
5,5
0,3
0,0
0,0
0,0
0,0
0,0
3,0
0,3
14,14
0,0
0,3
3,0
16,16
0,3
7,7
0,3
3,1
0,0
0,0
7,7
0,0
3,3
14,14
4,4
16,16
0,0
4,4
0,16
3,13
3,3
3,3
0,11
0,0
0,1
7,3
0,0
0,3
0,0
0,3
3,3
13,13
0,3
7,4
0,0
17,17
0,0
3,13
3,5
3,3
3,3
4,4
0,0
7,7
3,0
0,0
0,0
0,0
4,4
0,1
0,3
4,7
8,7
3,3
3,3
0,3
0,0
15,15
3,0
4,4
0,0
0,4
0,0
3,1
3,3
3,2
0,0
0,4
0,3
3,3
4,7
0,0
0,0
4,4
3,3
3,0
0,0
0,0
4,4
0,0
0,0
0,0
7,7
0,0
0,0
3,3
0,0
0,0
3,3
3,3
0,13
0,0
4,14
3,0
0,3
0,5
0,3
16,16
0,0
11,11
0,0
3,0
0,0
0,0
0,3
16,16
0,0
0,17
0,0
14,3
0,0
0,4
13,13
4,4
15,15
3,0
15,15
4,16
0,0
16,16
17,16
0,0
0,3
0,8
3,0
0,0
5,3
5,0
0,0
0,1
0,0
0,0
0,0
13,13
4,4
0,3
0,3
0,4
0,3
0,1
4,4
3,3
0,0
0,11
4,4
3,0
8,8
3,0
3,4
0,4
7,7
2,4
4,4
0,4
3,3
7,7
0,16
0,11
4,4
0,3
0,3
4,16
0,3
0,0
8,8
0,0
3,3
0,14
0,0
3,3
3,3
5,5
4,4
2,13
0,0
0,4
3,3
4,4
0,0
0,3
0,0
4,2
0,3
0,4
0,0
4,4
0,0
3,0
0,4
19,3
0,3
3,3
0,0
7,7
0,0
16,16
17,7
4,3
0,0
0,17
0,0
16,4
3,4
0,0
0,3
0,3
4,4
0,3
0,1
0,4
3,3
0,0
3,0
0,0
0,1
0,0
0,0
4,4
3,0
3,0
4,0
3,3
0,0
3,3
0,0
17,17
3,3
19,0
4,7
4,3
4,4
15,15
2,0
0,17
3,0
0,17
0,11
7,7
0,0
0,0
0,4
4,4
0,0
0,0
0,0
0,1
0,0
0,0
0,5
0,3
3,3
3,4
0,0
3,3
0,3
0,0
0,3
4,4
0,0
16,16
0,7
0,0
0,3
0,0
0,0
2,7
0,0
4,0
0,3
0,4
0,3
4,2
3,3
16,16
4,4
0,3
0,0
0,0
0,3
0,0
14,14
0,4
0,4
4,4
0,3
4,2
0,0
0,0
5,5
3,0
0,17
3,0
0,0
0,0
4,4
0,0
0,0
3,0
3,0
1,0
3,3
0,0
0,0
0,0
0,0
0,0
0,0
0,0
0,0
0,3
0,4
3,3
4,4
4,17
0,19
3,3
3,3
4,4
0,0
0,0
0,1
4,4
0,0
4,4
4,3
0,0
0,0
0,13
0,0
2,2
0,0
0,0
0,0
0,0
0,2
0,0
0,0
3,11
4,0
2,2
4,4
0,0
0,0
1,11
0,0
0,1
0,0
0,0
3,3
0,4
0,3
0,0
0,0
0,3
4,4
3,3
0,11
0,0
17,17
0,0
7,7
3,0
0,1
19,19
0,3
3,3
3,3
0,0
3,0
5,5
3,3
3,3
0,14
4,3
0,3
0,0
1,1
3,16
4,3
3,3
0,0
0,3
0,0
0,0
0,3
3,0
0,0
0,0
0,7
0,0
0,3
19,19
3,3
0,0
0,5
4,4
7,0
3,4
3,1
11,11
3,3
4,4
0,17
14,0
8,8
4,4
4,1
0,0
3,3
4,7
0,3
3,0
4,2
0,11
0,0
0,5
0,0
0,5
4,4
7,7
0,0
0,0
0,5
4,0
3,3
2,2
0,0
3,3
3,3
3,3
11,0
0,0
4,7
0,3
16,16
0,16
0,3
3,3
5,3
0,3
0,0
0,0
0,1
0,0
11,11
3,3
3,0
4,4
3,0
3,0
0,0
0,0
0,0
0,0
0,3
4,4
3,0
0,0
2,2
3,0
0,2
0,17
0,0
0,0
0,0
0,0
0,0
3,0
0,11
7,7
3,3
3,0
0,3
0,0
4,4
5,5
16,16
16,16
15,15
0,0
0,0
8,8
3,3
0,0
7,4
0,0
0,5
3,0
5,5
0,5
3,3
3,3
3,3
0,0
4,0
0,17
0,8
0,3
3,3
0,0
2,0
3,3
0,0
0,0
0,0
4,14
14,16
0,0
0,0
0,0
3,0
0,0
0,0
0,11
3,2
3,3
0,0
0,3
4,4
4,7
0,0
3,0
0,0
0,3
0,5
4,2
3,1
0,0
0,13
0,0
0,13
3,3
0,0
4,0
4,4
0,8
5,1
3,3
3,0
3,3
4,0
0,0
0,3
0,3
7,7
0,0
0,0
16,16
16,16
4,4
0,3
3,0
14,14
7,7
0,0
0,0
0,4
3,4
3,3
4,4
7,7
0,0
0,16
0,0
0,0
3,3
4,4
0,16
4,4
3,0
0,0
4,0
0,4
0,0
0,0
0,17
0,3
0,14
0,0
7,7
0,0
0,0
0,3
4,2
0,0
4,4
4,4
0,4
16,16
4,4
0,0
0,14
0,1
4,4
0,0
0,7
4,4
0,0
19,19
3,0
7,7
3,3
0,0
3,4
4,0
7,7
0,3
0,0
4,4
0,3
0,0
3,1
4,4
4,4
0,3
3,3
0,0
0,0
4,14
0,4
3,3
5,5
3,3
0,0
0,3
0,1
4,4
1,0
4,0
16,16
3,3
3,3
4,4
4,4
3,0
4,2
3,3
3,7
3,5
0,0
0,0
3,3
3,3
0,0
3,3
0,5
2,7
3,0
3,3
2,16
2,7
0,0
0,4
3,4
0,17
0,3
3,3
0,8
17,17
7,7
3,3
0,3
0,0
16,16
3,8
3,3
7,7
0,0
3,3
0,5
3,3
7,7
3,0
3,3
4,4
16,1
0,0
4,4
0,0
3,3
3,0
0,3
3,3
7,7
0,1
0,1
14,14
0,0
0,0
1,1
0,0
0,0
0,1
0,3
0,0
0,0
0,17
4,17
0,0
3,3
4,4
5,0
4,4
4,4
0,1
2,2
0,5
3,4
0,14
0,0
0,0
17,15
3,0
0,3
0,1
0,13
0,0
0,0
0,0
0,3
16,16
4,1
3,3
2,0
0,0
4,3
3,3
0,3
0,0
0,0
0,0
3,3
0,0
3,3
4,4
0,3
0,0
0,0
0,0
0,3
0,0
0,0
0,19
0,3
0,5
0,0
0,2
3,0
4,2
3,0
14,14
0,0
3,3
17,0
0,2
17,3
4,13
3,3
3,4
0,0
0,15
0,3
0,3
0,0
5,5
3,3
0,3
0,0
7,7
0,0
4,0
3,3
7,7
4,4
0,0
3,3
3,3
0,0
0,3
3,0
3,14
0,2
0,3
3,5
0,0
0,0
0,0
0,0
3,3
0,1
16,16
0,0
0,3
5,5
4,16
3,3
0,0
4,5
0,3
4,3
0,0
3,3
0,17
4,4
0,0
4,4
0,0
0,4
3,0
0,3
3,3
7,7
0,19
0,0
3,14
0,0
0,19
3,5
0,0
0,0
0,0
0,3
0,3
4,0
4,4
0,2
3,0
0,0
0,3
3,3
4,3
0,3
0,3
0,8
0,17
0,0
3,5
0,0
0,0
3,4
4,4
0,0
0,3
0,17
4,0
4,0
0,0
0,0
0,0
8,4
0,0
0,0
3,13
0,3
4,0
3,16
0,1
0,7
0,0
0,5
3,0
3,3
3,4
3,3
3,3
0,3
16,16
4,4
0,0
14,3
0,4
3,0
0,0
7,7
0,0
16,16
0,13
0,14
0,0
0,0
0,0
0,0
7,7
2,0
3,4
3,3
0,15
17,0
0,7
0,1
0,0
0,7
1,15
3,5
11,4
3,0
0,0
0,0
14,14
4,4
4,4
3,3
0,13
3,0
0,0
0,0
0,0
0,5
0,0
0,3
0,3
14,14
0,3
3,3
0,0
0,7
7,7
7,7
3,0
0,0
0,0
7,7
0,0
0,0
0,0
3,0
0,11
14,14
3,4
4,4
0,0
0,0
0,14
3,0
17,0
0,0
4,0
0,3
0,0
0,0
3,3
2,14
2,4
0,16
0,7
0,3
3,0
0,0
0,3
0,3
0,0
3,3
0,3
7,7
4,4
0,14
3,0
0,3
16,16
3,0
0,5
4,14
16,16
7,7
0,17
0,7
0,0
0,0
15,15
4,3
0,0
3,13
0,4
14,14
0,0
13,3
0,3
3,0
0,7
7,7
2,3
3,3
0,0
3,0
4,4
3,1
0,0
0,0
0,3
3,0
3,4
0,0
3,1
7,7
3,4
4,2
0,0
3,7
3,3
0,0
0,0
0,0
0,13
0,3
8,8
4,3
5,5
0,0
0,4
0,0
16,0
0,0
4,4
15,2
0,7
5,5
7,7
0,17
16,2
0,15
3,3
3,3
3,3
5,5
4,4
3,3
2,5
3,11
0,3
0,0
7,7
3,3
0,0
0,0
4,4
3,0
0,0
3,0
3,3
0,0
17,17
3,14
0,0
0,3
0,0
3,3
0,16
3,3
19,19
0,0
16,16
3,0
3,3
0,17
15,15
0,3
0,1
5,5
0,0
0,0
3,3
14,14
0,0
3,7
4,4
0,0
4,4
0,0
0,3
0,5
3,0
0,11
0,3
0,0
0,0
3,3
3,2
7,7
0,0
3,3
0,0
0,0
4,4
4,4
17,17
15,15
0,1
16,3
0,0
3,3
16,16
0,0
3,4
0,7
3,3
3,0
4,4
0,1
3,5
0,0
0,17
0,0
3,0
0,3
0,0
2,7
4,17
0,0
0,0
3,3
0,0
0,3
5,5
3,3
0,0
0,0
0,0
0,0
0,0
17,17
0,16
0,3
7,0
0,0
0,3
0,3
0,3
3,3
0,0
1,5
0,0
0,0
3,3
2,2
0,19
3,3
0,0
0,0
3,3
17,0
7,7
0,0
4,7
0,1
5,5
7,7
0,3
7,7
3,0
2,2
3,3
3,4
0,3
0,4
0,0
0,0
16,16
0,3
0,0
17,17
19,19
0,4
0,3
0,0
0,0
3,4
0,3
0,0
0,0
3,0
3,3
0,0
4,4
3,7
7,7
4,4
0,0
3,1
0,2
7,7
0,0
0,4
3,0
19,0
0,0
3,16
3,0
0,17
3,11
0,0
16,16
3,3
0,0
0,0
4,4
0,0
3,3
0,7
7,7
4,4
0,7
0,0
4,4
0,0
3,3
0,0
0,0
0,0
3,0
0,3
0,0
0,16
0,0
3,3
7,7
0,0
0,0
0,0
0,5
0,0
3,0
0,0
0,11
3,3
0,0
0,3
0,0
0,3
0,2
5,5
16,16
3,3
3,3
0,3
4,4
0,0
4,7
0,0
0,0
3,0
0,0
0,4
0,1
16,16
0,3
3,0
4,16
7,16
16,16
0,0
0,3
0,3
1,3
3,3
0,8
0,0
3,0
0,7
3,16
7,7
0,0
4,4
3,0
8,8
2,2
3,0
3,0
0,0
0,7
0,0
0,0
3,3
16,4
8,8
7,7
0,0
4,4
0,1
0,3
4,4
19,19
7,7
3,3
4,4
4,3
3,3
0,7
0,0
0,0
0,3
3,3
0,3
5,5
3,3
4,4
3,3
0,14
0,0
0,16
0,0
3,3
3,3
4,3
0,0
0,5
3,3
0,0
15,15
3,3
0,0
0,0
0,0
4,4
3,3
0,3
0,0
0,7
0,14
0,5
0,0
0,17
0,0
4,0
8,8
3,0
4,7
0,4
0,3
0,0
0,7
7,7
0,3
16,16
3,3
4,4
7,7
7,3
0,0
5,16
7,4
3,3
3,3
3,0
0,0
0,0
0,0
4,0
0,0
0,15
3,3
0,0
0,4
14,14
0,5
0,0
8,8
0,0
0,0
0,0
0,0
0,0
3,3
0,7
19,0
16,17
3,3
0,0
0,15
3,3
0,3
0,4
0,3
3,3
0,0
0,3
3,7
4,4
5,0
0,3
4,4
0,1
3,3
4,3
0,0
4,5
3,0
0,14
0,0
0,0
19,19
0,0
14,14
3,3
3,3
0,4
0,0
0,2
3,16
3,0
4,4
0,7
3,4
0,0
3,3
0,0
0,0
0,0
0,0
3,3
0,0
0,3
0,0
0,7
4,17
19,19
0,0
16,16
0,0
0,0
4,4
0,19
5,16
0,0
3,17
0,0
0,3
0,3
0,2
13,4
3,0
4,4
0,3
0,0
3,0
0,16
0,14
3,3
0,4
0,16
3,0
0,0
0,0
4,3
0,0
0,0
4,4
0,3
0,0
5,5
5,5
0,0
4,4
4,2
0,0
0,3
0,4
0,0
0,0
16,19
0,4
0,0
3,0
3,3
0,3
7,5
3,3
3,0
0,17
3,3
2,2
19,3
0,0
0,0
0,0
19,19
0,0
3,3
3,5
3,2
0,14
3,3
7,7
0,0
0,1
0,0
3,3
0,3
4,0
0,0
7,0
0,0
0,3
3,15
0,7
3,3
3,3
0,0
3,0
3,13
8,8
0,1
7,7
5,5
17,0
3,3
7,7
0,0
4,4
0,0
3,15
0,0
3,3
4,4
0,4
16,16
0,0
0,3
0,0
7,7
0,0
3,0
0,0
4,4
0,0
4,0
0,0
0,0
0,3
0,0
0,0
4,3
3,3
0,0
0,0
14,14
14,14
4,0
0,0
7,7
4,14
0,3
3,0
0,2
4,3
0,4
3,3
0,0
4,4
3,3
0,3
0,0
0,0
0,1
0,0
3,1
1,4
0,4
3,0
3,3
3,0
3,3
0,0
4,4
4,3
15,15
3,4
0,3
0,0
0,0
0,3
0,0
3,0
2,2
0,0
0,0
0,13
0,0
0,0
0,3
0,7
0,1
0,3
3,3
0,0
0,0
4,4
0,0
3,0
4,4
17,17
0,0
3,0
7,7
0,0
3,3
0,0
7,7
17,14
0,5
3,4
19,7
3,4
0,14
0,0
7,0
3,0
7,7
0,0
0,3
0,0
3,3
4,4
0,0
3,5
0,0
3,3
3,0
17,0
3,0
5,5
0,0
0,0
4,4
3,3
0,3
0,0
0,0
3,3
16,16
7,7
7,7
0,3
16,16
4,4
0,0
0,0
14,14
0,4
0,0
3,0
0,0
3,0
4,4
0,0
0,0
17,17
3,3
0,0
0,0
0,0
14,14
0,0
0,0
4,4
0,0
4,7
3,4
3,3
0,8
0,0
4,4
0,0
0,3
4,4
0,1
0,0
7,7
0,0
2,2
0,0
0,0
3,0
0,1
4,4
0,0
0,3
4,17
4,7
4,4
0,0
7,7
4,0
0,0
15,15
0,3
17,17
0,0
0,15
17,16
0,0
3,3
0,3
4,4
3,0
2,2
0,17
0,11
13,13
4,4
0,3
4,4
0,0
3,4
0,0
0,0
7,7
3,0
0,0
3,1
0,0
5,5
4,0
4,4
4,7
0,0
13,13
3,0
0,0
3,3
0,3
3,0
3,0
0,0
19,19
0,0
4,4
3,0
3,11
0,0
0,3
0,0
0,7
3,3
3,3
3,0
2,4
0,1
7,19
3,3
3,3
0,14
4,0
3,3
0,0
4,4
0,0
0,3
0,0
3,3
3,2
4,3
8,8
0,0
0,0
3,3
7,0
2,2
3,3
0,0
0,0
3,3
0,0
0,3
4,3
0,0
4,4
0,0
3,3
0,0
0,3
0,0
14,14
0,0
0,0
0,7
3,16
3,0
0,17
4,4
0,0
0,0
4,4
0,3
19,19
0,4
3,3
0,0
3,3
0,0
0,17
0,0
0,0
0,0
1,0
0,4
3,3
0,0
0,0
0,0
3,3
0,0
3,3
0,0
0,0
0,3
8,8
3,0
0,0
0,0
3,3
4,4
3,3
3,3
7,7
0,3
0,0
0,0
3,1
3,0
13,13
4,17
0,0
0,0
0,0
4,2
3,3
7,7
0,0
4,1
0,1
0,3
0,0
0,0
0,19
0,0
3,4
19,19
0,0
0,0
3,8
5,5
0,0
3,3
0,3
3,3
7,7
0,0
0,0
0,0
0,0
0,0
0,4
0,1
0,0
11,15
0,0
3,3
0,0
0,0
0,3
16,16
3,1
3,3
7,7
4,4
3,0
0,7
14,14
4,4
0,0
3,3
3,0
5,19
3,3
0,0
0,11
0,3
3,0
3,0
3,3
3,3
7,7
0,7
3,4
0,0
3,0
16,16
4,4
1,1
0,16
0,15
15,15
17,17
0,0
3,3
3,3
0,0
0,0
0,3
4,4
3,0
0,0
4,5
3,3
0,0
0,0
3,0
7,7
4,4
3,3
0,0
0,7
11,11
3,0
0,15
0,0
0,0
0,0
4,4
0,0
4,3
0,0
0,0
8,8
0,0
0,3
0,3
0,3
3,3
0,0
0,0
0,0
3,3
16,3
0,0
1,1
3,0
0,0
0,19
4,0
0,3
3,0
3,3
3,3
0,0
2,3
0,0
0,2
0,0
17,17
17,14
0,0
0,0
0,0
0,7
3,3
7,5
0,0
0,3
0,0
19,19
0,0
0,0
0,0
3,3
0,0
3,3
17,17
7,7
3,0
3,0
3,3
4,5
0,0
4,4
4,4
0,3
17,17
4,17
3,3
2,4
14,4
0,0
2,17
16,19
0,0
0,0
0,0
3,3
3,2
3,0
3,3
0,0
0,3
0,0
0,0
4,3
7,7
0,1
0,0
3,3
0,3
0,0
0,0
0,7
0,0
0,3
0,8
0,0
0,3
0,0
3,0
0,0
0,4
0,1
0,0
3,0
4,4
0,19
7,7
3,3
0,0
3,0
0,0
0,5
0,0
3,7
3,3
0,0
0,3
0,0
0,0
0,0
14,3
17,17
4,4
4,4
0,0
0,0
3,3
0,0
14,14
0,3
0,11
0,4
0,0
3,3
0,0
0,0
4,2
4,4
8,8
3,0
5,16
0,3
3,3
0,2
3,0
4,4
1,1
0,2
0,0
0,0
4,4
0,0
0,3
4,4
3,3
14,14
0,0
4,4
0,0
4,4
5,5
0,4
3,3
3,7
2,0
4,3
3,3
0,0
0,0
7,7
3,0
0,0
0,3
0,14
4,0
0,0
14,7
7,7
0,13
2,4
16,16
0,0
0,3
0,3
0,0
4,4
3,0
3,0
3,3
0,4
0,0
3,0
0,0
0,17
0,0
3,7
0,1
3,14
0,3
0,3
4,5
0,0
0,0
0,7
0,0
3,3
4,4
0,0
0,0
0,4
0,0
0,0
3,3
7,0
0,14
3,3
0,0
0,3
3,3
0,0
0,3
0,0
3,14
0,17
4,4
0,5
0,0
3,1
3,3
0,4
3,0
0,3
16,16
0,3
4,7
0,0
3,3
0,0
0,0
4,0
0,0
0,3
4,17
3,3
0,0
0,0
0,0
0,0
0,0
0,0
0,0
3,3
0,0
3,2
0,0
0,0
0,0
5,5
3,3
3,3
3,0
3,3
7,7
0,3
0,3
0,0
0,0
0,4
3,3
3,4
4,0
0,0
0,5
0,0
0,0
5,5
0,0
5,14
0,0
0,0
3,4
0,0
7,7
3,3
0,0
3,3
0,0
0,0
0,0
0,2
3,3
0,0
3,0
3,1
4,3
0,0
0,0
4,16
0,0
0,0
4,7
0,17
0,3
13,13
4,4
4,4
0,0
7,7
0,0
4,3
3,0
3,0
0,0
4,4
0,3
19,19
0,0
0,0
3,3
0,0
0,0
3,3
3,0
4,0
3,0
0,7
0,3
1,5
3,0
3,3
3,1
0,3
4,4
4,4
0,0
0,0
3,0
0,0
0,0
0,4
3,17
5,5
0,0
4,4
0,0
3,3
19,19
0,4
0,14
0,0
4,4
0,3
0,3
3,0
0,0
3,3
0,1
4,4
3,3
0,0
3,0
0,11
0,0
0,0
3,3
0,16
0,0
16,16
3,3
0,0
0,0
0,0
3,3
15,15
0,0
0,0
0,7
0,0
4,16
3,0
0,0
0,0
0,0
0,0
0,3
3,0
3,3
4,4
0,3
11,11
3,3
0,17
0,0
0,3
0,0
4,4
0,0
0,0
0,0
0,4
0,0
0,3
4,0
0,0
4,4
3,3
3,3
0,0
1,0
11,0
0,5
0,7
15,15
0,3
0,0
3,3
0,0
4,4
16,16
0,0
3,0
0,0
0,3
4,2
0,0
0,0
0,7
4,0
0,3
3,0
0,3
0,0
0,1
4,4
0,4
0,0
3,0
4,17
0,16
0,0
0,0
0,0
3,3
0,0
0,0
3,0
0,0
0,0
0,3
0,0
0,0
16,0
0,0
0,3
4,4
4,0
7,7
3,3
3,3
0,0
3,3
19,19
0,0
0,0
0,0
13,13
0,0
0,0
0,1
0,3
0,3
0,5
0,0
4,0
4,14
4,0
3,3
7,7
0,0
16,4
0,3
0,4
4,4
1,1
3,1
5,5
17,17
0,0
0,0
3,0
4,4
4,4
4,2
0,4
0,0
0,1
0,1
0,0
0,3
0,0
17,0
3,3
0,0
0,14
7,7
0,0
3,3
0,0
4,3
0,0
0,0
0,0
7,7
4,3
0,0
4,4
0,0
0,3
4,16
0,17
0,3
0,3
4,4
0,11
19,19
3,3
0,1
0,0
3,0
0,0
0,0
0,4
4,4
3,3
0,0
3,3
7,7
0,3
0,0
0,3
3,3
16,16
0,3
14,11
0,3
3,3
0,0
0,0
0,13
3,5
0,0
4,4
3,3
16,16
0,0
16,16
17,17
4,5
0,0
0,0
3,3
16,16
0,0
3,3
3,3
3,3
0,15
0,5
0,3
16,3
0,0
0,0
0,0
0,0
0,3
0,0
3,3
3,3
0,0
0,0
3,3
0,0
3,11
16,16
0,0
0,0
0,0
0,0
0,4
0,0
1,0
0,0
0,0
0,0
0,0
4,4
16,17
3,3
5,5
0,0
0,3
3,3
0,0
0,0
3,3
0,4
0,14
0,3
16,16
4,4
3,0
0,11
7,7
8,4
0,0
4,4
0,1
0,0
3,3
0,1
0,0
19,19
3,3
4,17
0,4
0,1
13,13
0,0
7,7
0,4
0,0
0,3
0,0
0,3
3,3
4,8
0,0
0,0
0,0
0,0
3,0
2,17
4,4
0,0
0,0
0,0
0,2
0,3
2,17
4,19
3,0
3,3
4,4
16,4
0,17
3,3
0,3
0,1
4,3
4,7
0,0
3,0
0,0
4,4
0,15
4,4
4,3
4,16
0,0
3,0
0,2
4,4
0,17
11,11
5,5
3,3
3,0
7,7
7,7
3,3
3,0
7,7
3,3
0,5
0,0
16,4
3,0
0,0
7,17
0,0
0,0
3,3
3,3
0,0
16,16
3,3
0,5
3,5
0,0
0,0
3,3
7,7
0,0
0,5
0,1
14,0
0,0
17,4
0,0
15,15
0,4
0,3
4,4
3,3
0,0
3,0
0,0
3,3
0,1
13,13
3,0
4,3
4,0
0,1
3,1
19,19
7,7
0,3
19,19
4,4
0,17
3,16
4,4
0,17
0,0
3,3
3,3
3,5
4,7
1,1
2,2
0,0
0,0
0,0
0,3
4,0
0,15
0,0
0,0
7,0
0,0
0,3
0,0
0,0
0,3
0,13
0,0
4,4
3,17
0,0
0,3
19,19
0,0
0,0
3,0
0,0
3,0
7,7
0,0
4,4
0,3
0,17
19,19
3,3
0,0
0,0
0,5
0,0
0,0
7,3
0,0
0,0
4,4
0,3
3,3
4,4
0,0
0,19
19,19
0,0
3,1
0,3
3,3
0,0
3,3
0,0
3,3
0,0
3,3
0,0
3,3
0,0
0,3
3,0
0,3
0,0
17,2
4,5
0,0
0,4
0,0
3,3
0,0
0,0
0,0
0,0
3,3
0,0
1,1
0,0
3,3
3,3
0,0
3,1
0,7
0,0
17,13
3,0
0,3
0,19
0,3
0,3
0,0
0,11
0,0
4,4
8,8
0,0
3,0
4,4
0,0
0,0
3,3
0,0
7,8
4,4
0,0
0,3
0,0
0,0
0,0
0,0
0,0
3,0
0,3
0,3
0,0
4,4
0,15
0,17
2,2
0,5
0,0
3,3
0,2
0,0
3,3
19,19
4,4
0,1
4,4
16,16
0,0
4,0
3,0
0,0
5,5
0,0
0,0
7,16
3,3
4,4
0,0
0,2
0,0
0,0
0,0
5,5
0,4
0,5
0,3
0,0
0,3
4,0
3,0
8,8
0,0
3,0
3,0
7,4
3,5
17,2
0,0
3,0
0,17
0,0
0,0
0,3
0,0
0,0
4,0
19,0
0,7
19,19
3,7
0,0
7,7
0,0
0,0
0,3
7,3
3,16
4,4
0,0
7,7
0,7
0,14
4,0
1,1
0,3
0,7
3,3
0,0
0,0
3,3
0,3
0,7
0,0
4,2
0,0
0,0
0,5
0,17
3,3
16,16
0,3
3,3
0,0
15,15
3,3
3,0
0,13
0,0
5,3
0,16
4,4
3,16
0,0
4,4
3,0
3,3
16,16
3,3
19,19
4,3
3,0
0,0
0,3
5,5
0,0
3,3
0,5
0,0
0,4
0,0
0,0
4,3
7,4
3,4
0,0
4,4
1,1
3,3
7,7
17,17
0,0
0,3
3,3
0,16
0,8
0,4
4,4
7,7
0,0
5,5
0,17
0,0
0,8
0,0
3,3
3,14
2,2
0,0
0,3
3,3
3,0
3,3
0,3
3,3
5,0
0,0
4,3
3,4
7,3
0,3
0,4
0,14
3,1
0,0
0,0
4,0
3,3
0,4
0,7
0,0
3,0
7,4
2,2
0,3
4,4
0,0
0,3
0,3
0,2
0,0
0,0
0,0
3,0
0,0
0,0
0,0
3,3
3,3
3,1
0,4
0,0
7,7
0,0
3,0
0,4
3,0
0,5
4,4
2,2
7,0
0,0
3,1
0,3
3,0
0,11
16,0
5,0
0,16
3,7
3,3
4,5
3,3
0,0
3,3
4,3
4,2
0,4
3,0
3,4
16,16
3,0
4,4
0,0
0,0
3,3
0,0
0,0
3,3
0,0
0,0
0,0
5,5
3,0
8,8
7,0
0,1
13,13
3,4
7,7
3,3
4,4
0,3
0,0
0,0
15,15
0,0
0,3
0,0
0,0
4,4
2,4
1,1
3,0
0,3
0,1
0,3
0,0
0,0
0,13
3,14
0,0
0,0
7,7
0,0
13,13
0,0
0,0
4,2
0,0
3,13
0,0
0,4
7,7
0,3
0,0
0,4
13,13
0,0
5,3
0,0
3,0
4,4
3,3
4,4
4,4
0,0
0,0
8,8
7,0
3,3
0,0
0,3
0,0
4,4
17,19
0,3
0,0
0,0
0,0
3,3
15,15
0,2
0,3
0,0
0,4
4,4
0,0
2,2
3,0
4,4
0,7
16,4
8,8
3,3
3,3
19,19
0,7
0,0
0,3
0,0
3,3
0,3
8,8
0,17
3,3
0,0
0,0
0,0
3,3
15,15
17,19
4,4
0,2
3,0
3,3
4,3
3,3
0,0
0,0
0,0
0,0
3,3
3,1
0,1
4,4
0,0
0,0
0,0
3,0
0,4
0,0
3,1
0,0
0,0
4,7
0,0
2,4
0,3
3,3
0,16
0,13
0,4
3,1
0,0
3,0
0,3
3,3
5,5
0,14
11,11
1,16
0,3
0,0
0,0
2,2
0,3
0,0
5,5
7,19
1,15
0,0
2,2
3,1
0,0
0,0
0,0
0,0
4,2
3,3
3,0
0,3
0,0
0,0
3,3
0,3
0,0
0,0
4,1
0,0
0,0
3,13
3,3
0,0
0,0
3,7
4,4
0,0
3,3
0,19
0,0
0,11
0,0
2,2
7,7
0,0
0,0
0,5
4,7
0,1
16,16
0,0
0,0
0,3
0,3
15,15
0,4
19,7
0,0
0,4
0,0
0,3
4,17
3,0
0,0
0,3
0,3
0,0
0,7
3,3
4,14
19,19
0,1
3,3
0,4
0,0
0,0
0,7
0,0
0,5
4,4
5,5
14,0
0,17
0,17
4,4
0,14
7,7
0,0
0,0
3,3
0,0
3,0
0,3
3,0
0,0
0,0
4,14
2,2
4,7
0,3
3,3
3,0
0,0
0,0
3,3
0,0
0,17
0,3
4,4
0,0
0,7
0,3
5,0
0,1
3,16
3,0
0,3
3,4
4,4
3,3
0,0
4,8
8,0
0,2
0,0
16,16
3,3
0,3
0,0
0,3
4,3
3,3
0,3
0,0
3,3
0,11
0,0
0,0
3,3
5,5
0,0
0,0
19,19
3,3
0,0
0,3
4,4
3,3
13,13
0,5
0,0
16,3
0,2
0,0
4,3
0,0
3,4
4,16
3,0
0,3
0,0
0,4
13,13
0,0
0,0
3,1
0,17
4,15
3,0
3,3
4,2
14,4
0,5
0,0
7,0
1,0
4,4
0,3
0,0
0,0
0,0
4,4
0,3
7,7
0,0
3,3
16,16
0,0
7,7
16,16
0,0
0,0
0,16
0,0
16,16
0,0
0,15
0,3
0,5
1,1
0,0
0,0
0,8
0,0
0,14
0,3
0,0
0,0
0,7
5,8
0,0
4,4
0,0
7,0
0,19
0,0
3,3
0,0
4,0
0,0
3,0
0,3
0,0
3,0
3,0
0,0
0,0
4,4
0,8
0,0
4,4
0,3
4,4
0,0
3,0
3,16
4,5
0,4
7,4
0,0
0,0
5,5
0,0
3,3
0,3
0,3
0,5
0,3
0,17
3,4
17,0
0,0
3,0
0,0
4,16
0,13
3,1
4,3
3,3
3,1
3,3
0,3
0,1
0,16
8,8
0,0
3,3
16,16
0,3
17,0
0,16
0,0
0,3
4,3
3,3
0,0
0,4
0,0
0,5
7,7
0,0
0,0
3,3
0,3
5,5
0,0
0,0
0,0
0,0
0,0
0,0
0,0
0,7
0,0
0,0
0,0
0,0
0,13
7,7
0,14
3,3
3,3
0,0
0,1
0,3
0,0
15,15
4,0
3,3
3,0
0,7
0,5
4,2
0,0
7,7
0,0
0,0
3,3
4,4
0,1
4,4
0,0
0,0
3,3
0,0
0,0
0,0
0,0
0,0
3,0
4,4
0,3
4,4
1,0
0,0
3,3
0,1
0,17
0,0
0,0
3,3
4,4
0,0
3,16
0,0
0,4
0,3
0,0
0,0
3,0
8,8
1,17
3,1
0,0
3,3
3,3
4,4
16,16
16,16
0,5
0,17
0,4
2,2
16,16
0,0
3,1
3,3
4,4
0,0
0,3
0,3
0,19
0,4
0,0
0,3
0,3
5,5
0,4
16,3
0,0
0,3
0,3
0,2
0,0
4,4
5,19
4,8
0,0
0,3
0,4
3,3
16,16
0,3
0,3
0,1
7,7
0,0
0,0
17,17
0,0
17,8
0,0
0,0
0,17
17,17
0,0
0,0
0,0
3,7
16,16
0,0
3,0
0,0
0,17
3,0
0,7
0,7
7,3
0,0
4,0
4,4
4,4
0,3
4,4
0,0
2,2
3,0
4,4
3,3
3,0
4,4
0,3
0,0
0,0
0,0
14,3
0,5
0,0
4,1
3,4
0,0
0,3
0,16
0,0
4,17
3,14
0,0
0,0
14,14
0,3
0,3
0,0
0,0
7,7
3,3
3,0
0,0
0,0
2,4
3,0
0,0
3,0
7,7
0,0
4,4
0,0
0,0
0,0
0,17
0,4
3,0
0,7
3,16
3,3
3,0
7,7
0,0
0,0
3,1
4,2
3,3
0,4
4,3
17,17
0,3
0,14
0,3
0,0
5,2
0,0
0,3
3,3
3,0
4,4
0,0
3,4
0,0
0,3
3,3
17,17
0,0
4,4
3,0
0,0
0,0
4,16
3,0
0,0
0,17
0,0
3,3
0,4
0,3
0,0
5,5
0,0
5,5
0,0
0,0
0,0
0,0
0,4
0,0
0,0
1,3
3,3
0,0
4,0
0,0
4,4
2,2
3,3
4,4
3,7
0,7
0,3
0,0
3,0
16,3
17,0
4,17
0,0
0,0
0,0
3,0
3,3
3,7
3,3
0,3
4,4
16,16
0,0
0,3
4,4
0,2
3,3
3,0
3,4
4,4
0,15
0,0
0,3
0,0
0,0
0,0
3,0
3,3
3,3
0,0
3,4
0,8
3,3
3,0
3,11
3,3
3,3
3,0
0,3
0,0
3,3
0,5
15,15
0,0
3,3
1,1
2,0
16,16
3,3
0,0
0,13
2,14
0,3
3,3
0,3
14,14
4,4
4,4
3,5
3,0
0,0
3,0
3,3
0,4
3,0
0,3
0,0
0,0
19,5
0,0
16,16
0,0
7,7
3,3
0,3
0,0
3,3
13,0
19,19
0,0
0,0
2,2
0,0
0,0
0,1
0,0
0,0
7,3
0,4
16,16
0,7
0,3
3,0
3,3
0,5
0,14
0,0
0,0
0,3
0,0
3,3
0,0
0,0
7,7
0,8
0,0
0,3
4,0
0,0
3,0
0,4
0,0
3,0
0,3
4,4
11,0
0,0
0,3
0,13
0,0
0,3
0,3
0,0
0,0
0,3
0,2
17,17
0,1
16,16
3,4
17,17
0,3
3,0
0,7
4,8
8,8
0,0
0,0
5,5
0,0
3,0
0,0
0,3
0,0
3,3
0,3
0,0
4,4
4,4
0,0
0,0
0,0
0,0
3,0
0,0
0,1
4,4
16,16
0,0
0,3
3,0
0,0
3,3
7,7
0,0
0,3
8,8
19,19
0,3
0,4
4,17
0,2
16,16
0,0
16,3
16,16
0,0
3,3
5,5
11,0
3,3
0,0
16,16
0,0
4,7
2,2
4,4
0,0
3,3
0,0
4,4
3,4
0,3
19,19
4,4
4,0
0,4
0,0
0,0
0,4
0,4
0,0
0,0
0,0
0,0
0,7
3,3
16,16
0,0
0,0
0,16
0,1
0,3
4,3
4,4
0,0
16,16
3,3
0,11
4,4
3,3
0,0
0,0
4,1
0,0
0,0
14,2
0,0
3,3
0,3
0,3
0,3
0,0
0,7
7,7
3,3
8,4
0,0
7,7
0,0
0,3
0,0
3,3
0,3
3,3
0,3
0,0
0,0
0,0
0,15
0,5
17,17
3,3
3,3
7,7
3,0
3,3
3,3
0,0
0,4
0,1
4,11
0,4
4,4
0,0
0,0
3,0
0,0
0,0
0,0
0,3
3,0
4,4
0,0
3,0
0,1
0,16
4,4
0,0
0,0
2,2
0,0
0,0
3,0
0,0
0,0
3,3
0,0
3,3
0,0
0,4
3,3
3,0
5,5
0,0
0,0
3,3
7,7
0,0
0,0
3,3
3,3
3,0
7,0
17,17
3,5
0,0
3,3
0,3
0,0
16,2
0,7
0,11
4,7
0,7
3,0
0,3
0,3
0,3
8,8
0,0
4,2
0,0
0,0
0,3
0,16
0,0
0,0
0,0
0,0
0,0
8,8
4,14
0,0
7,19
3,3
0,14
3,3
0,3
0,1
3,15
4,4
0,15
0,13
0,0
0,3
0,0
0,3
3,0
0,0
4,4
0,0
3,0
3,11
16,1
7,19
0,7
0,11
3,3
0,0
3,15
0,3
0,3
3,0
1,1
16,16
0,4
0,0
0,0
0,4
0,0
3,4
0,1
0,3
0,0
17,4
0,0
0,0
3,3
0,0
0,0
0,0
3,3
4,4
4,16
4,3
2,16
3,0
4,16
0,3
0,3
0,13
0,0
0,3
3,3
3,3
4,4
4,4
0,3
0,0
4,16
2,2
0,0
0,0
0,0
3,3
4,4
4,4
0,13
0,0
3,11
3,5
0,0
2,3
5,0
4,2
0,5
0,13
19,19
0,0
0,15
0,0
0,13
0,0
0,0
0,2
0,0
4,4
0,0
14,14
0,3
3,14
0,0
3,5
3,3
0,3
14,14
16,16
3,0
0,0
3,3
4,4
16,17
3,3
16,16
0,0
3,3
0,11
4,0
0,0
0,0
0,0
3,3
3,0
3,15
4,5
4,15
0,17
0,0
3,3
0,3
0,1
0,0
4,4
1,1
0,3
0,0
0,0
0,3
0,0
3,4
3,3
3,4
3,7
3,0
0,4
0,3
0,0
4,3
3,0
3,3
7,7
19,19
3,3
0,5
0,3
4,16
0,0
3,4
3,0
3,0
0,3
4,4
0,3
0,0
3,4
0,0
4,4
3,0
0,13
0,14
0,0
0,13
0,17
4,3
0,3
4,0
16,4
17,0
0,0
13,2
0,17
3,0
3,3
4,2
0,0
0,0
0,0
4,4
0,17
7,3
0,0
0,0
15,15
0,0
4,4
3,3
5,4
3,4
4,4
4,4
0,1
3,4
0,0
3,0
0,0
0,0
3,3
0,0
3,3
0,11
3,0
3,17
0,0
0,2
14,14
3,4
3,3
3,0
0,0
0,5
0,16
7,0
0,0
3,3
0,0
0,3
0,16
17,0
7,17
0,0
7,7
0,0
0,0
0,4
4,8
0,0
4,16
7,7
0,0
1,14
3,3
14,14
0,0
0,0
4,0
0,0
0,1
4,4
3,3
3,0
0,3
4,14
0,0
3,3
0,11
0,0
0,3
0,4
0,0
0,0
3,3
0,2
0,0
0,0
3,3
14,14
3,3
4,4
4,4
0,0
0,4
3,0
13,3
4,4
4,3
3,0
4,4
0,7
0,0
4,4
0,0
0,0
3,13
2,14
17,2
0,0
16,17
0,0
0,2
8,5
0,7
3,4
0,0
0,3
0,13
16,16
11,11
4,5
0,0
2,4
0,3
4,0
0,0
4,14
17,17
0,0
3,0
0,0
3,3
0,1
0,3
3,0
0,7
0,0
0,0
4,4
0,1
4,4
1,3
0,4
0,0
0,3
0,0
0,0
3,0
19,13
3,0
3,3
0,0
5,0
0,0
0,0
0,0
0,0
0,0
0,1
4,2
0,0
0,3
3,0
3,3
16,3
5,5
0,0
0,3
7,7
7,0
0,0
0,0
3,17
3,3
0,0
3,0
4,0
0,0
0,0
0,0
4,4
0,0
0,0
0,0
3,3
1,1
0,1
0,13
0,3
0,0
0,0
7,7
3,3
7,3
0,0
0,4
0,0
4,4
0,1
3,3
4,0
0,0
19,13
3,1
0,0
3,3
1,0
0,0
4,4
0,0
0,1
0,0
0,0
3,3
3,0
0,0
0,0
0,1
19,19
14,14
0,3
0,3
7,7
0,3
19,19
0,0
0,8
0,1
3,1
0,0
0,0
0,0
0,7
19,19
5,4
3,3
0,0
0,3
3,3
0,2
0,0
0,0
0,0
3,0
0,0
3,3
4,4
3,3
0,0
3,3
4,4
0,5
3,3
4,4
0,3
3,0
15,4
0,4
4,4
0,0
8,8
0,3
0,0
3,3
3,3
19,19
4,4
0,0
2,2
0,3
0,0
16,16
0,0
0,11
0,0
0,0
0,0
4,3
0,1
7,7
4,4
4,4
0,0
0,0
3,4
0,0
0,0
0,3
0,0
3,0
0,0
0,1
0,0
4,0
4,4
0,4
3,0
0,3
0,0
0,0
0,2
0,11
0,11
4,0
3,4
0,3
0,0
16,3
3,16
3,17
4,4
0,4
0,0
0,1
0,0
0,0
3,5
0,3
3,0
0,3
4,0
5,3
4,2
7,4
4,7
3,4
4,3
3,3
0,3
4,0
4,4
7,2
3,5
0,3
4,3
4,4
4,4
0,4
3,0
4,0
19,0
0,16
4,4
0,5
0,0
3,0
19,3
0,19
0,0
0,0
3,0
0,7
0,0
16,1
3,16
0,3
0,15
0,4
0,16
0,0
3,0
3,3
3,3
3,3
0,17
1,0
0,1
4,0
11,4
3,0
0,0
0,0
16,3
0,16
7,3
2,7
0,1
3,0
3,0
3,0
4,3
0,4
0,0
0,16
3,0
4,3
3,2
5,3
3,5
0,3
0,0
3,0
0,3
0,0
0,0
0,0
0,0
4,0
0,4
17,3
0,17
0,0
3,3
0,7
4,1
0,0
0,0
7,3
3,7
0,3
3,14
0,0
0,7
4,17
0,14
5,0
7,5
3,7
0,4
3,0
0,1
5,17
3,5
0,3
0,0
0,15
0,15
0,0
7,0
0,7
13,0
0,0
0,0
0,0
0,0
4,4
0,4
0,5
0,3
0,0
0,0
0,0
3,4
2,3
0,4
0,4
0,0
0,3
0,3
0,3
4,0
0,15
2,0
0,11
4,0
0,4
0,0
0,0
8,2
0,7
0,3
17,0
0,17
0,0
5,5
15,5
0,15
3,2
0,3
19,3
0,17
0,0
4,0
3,4
0,3
4,3
3,7
14,0
4,14
0,0
0,0
0,7
3,0
0,3
3,3
3,3
3,3
4,3
0,4
14,14
7,14
3,8
4,3
0,4
0,16
0,0
3,0
0,3
0,0
0,13
0,0
3,0
3,3
0,16
4,0
0,14
3,0
0,7
0,0
3,2
0,3
0,3
0,0
17,0
0,8
3,0
0,3
0,0
0,0
0,3
3,8
0,4
14,0
0,14
0,1
3,7
7,3
0,7
0,1
0,0
4,0
4,0
3,4
0,3
0,0
0,0
0,3
0,11
0,0
0,1
0,0
0,0
0,4
14,0
7,4
1,7
0,0
4,11
0,4
0,0
0,0
13,0
3,13
0,5
14,3
0,0
0,5
5,2
0,0
0,0
0,0
0,0
0,0
3,0
3,13
4,3
2,3
0,2
0,0
19,4
5,19
0,5
0,3
7,0
3,7
3,0
0,3
0,7
3,0
3,3
0,4
0,0
0,3
0,0
4,0
0,4
4,2
3,4
0,0
0,0
0,0
0,4
0,0
16,0
0,17
4,4
1,4
3,1
4,0
4,4
0,4
0,7
0,16
0,0
4,0
0,17
0,5
0,4
4,5
4,8
3,4
0,4
3,4
0,3
3,0
0,16
1,0
0,1
4,17
4,4
5,4
0,5
0,3
0,0
0,0
0,1
0,0
4,2
0,16
3,0
3,3
0,16
3,0
0,3
3,0
0,3
0,17
4,2
4,4
0,4
2,0
5,2
0,0
14,0
0,2
4,0
3,4
0,3
3,0
0,16
0,7
0,3
3,0
3,3
17,3
0,4
2,0
0,4
3,0
3,3
0,0
0,0
0,0
4,0
0,4
3,0
0,0
0,0
4,0
1,4
4,1
0,4
0,0
4,4
5,4
0,5
3,3
0,3
0,0
0,4
0,0
0,3
4,2
0,0
3,4
0,0
4,15
0,4
0,1
0,0
0,3
0,3
0,3
3,0
4,0
0,4
4,5
0,3
0,0
4,5
0,17
3,0
3,3
4,3
19,4
2,4
0,2
19,0
16,19
1,16
0,1
3,0
0,3
0,0
3,1
3,15
11,3
0,11
7,1
0,7
0,0
0,3
3,3
0,4
0,0
5,3
0,5
4,0
4,4
0,4
3,0
4,0
0,4
0,3
0,0
0,0
0,0
0,15
4,3
7,2
0,7
0,0
0,3
3,3
16,7
3,16
3,5
0,4
0,0
3,0
11,3
0,11
16,15
0,16
0,3
7,7
0,7
3,0
4,0
4,4
3,4
7,3
3,7
3,0
3,0
0,3
3,17
4,0
0,16
0,3
3,14
3,0
7,3
0,7
3,3
0,3
0,0
2,0
0,2
3,0
3,3
3,0
8,17
0,8
3,0
0,3
14,7
3,14
3,0
0,7
0,0
0,0
3,0
0,3
0,0
3,2
3,0
14,0
0,1
0,4
3,8
8,0
16,8
14,16
0,14
0,0
4,0
4,16
0,4
0,4
4,0
0,4
7,3
3,7
0,3
0,0
0,0
0,0
3,13
0,16
0,0
3,0
0,7
0,0
3,1
0,0
0,0
4,4
0,16
7,0
5,7
0,5
0,1
0,0
0,0
0,0
0,0
7,0
0,3
19,3
0,4
0,3
3,7
17,0
0,17
0,0
16,0
0,16
3,3
4,3
0,4
5,0
11,5
7,3
0,7
0,0
7,0
0,7
4,2
4,4
3,4
0,3
3,1
19,0
0,19
0,0
13,7
0,13
3,1
3,3
0,3
0,17
0,0
3,0
3,3
19,3
0,0
0,0
7,3
4,17
0,16
4,4
0,16
0,5
11,7
0,11
7,11
0,7
3,0
16,3
0,4
0,0
16,0
0,16
0,0
3,0
4,4
3,4
0,11
0,0
3,17
3,16
3,3
3,0
3,3
4,0
7,3
0,3
0,19
0,0
0,7
3,0
3,3
16,4
4,4
3,0
17,0
0,0
0,3
0,0
3,0
3,0
0,17
0,0
0,0
4,2
0,4
4,0
0,7
0,3
0,0
0,0
0,2
0,0
0,0
3,3
3,3
4,3
0,4
4,2
0,0
0,0
0,3
0,0
0,0
4,0
3,4
0,3
0,0
4,0
0,13
14,0
0,14
3,3
0,0
3,4
0,3
0,0
0,3
3,8
3,0
3,3
0,0
3,13
4,0
1,8
3,0
4,3
13,4
0,13
4,2
3,4
0,3
4,1
3,4
11,0
0,11
1,3
0,1
2,0
16,2
4,16
0,4
0,0
0,0
3,0
0,13
0,3
0,3
0,1
4,7
3,4
0,0
3,3
4,3
0,4
0,0
19,3
3,19
0,3
0,3
0,0
0,0
5,0
0,5
0,0
3,0
7,3
3,0
0,3
0,0
4,14
0,0
0,0
3,3
3,3
0,3
0,3
0,0
4,17
0,3
0,5
0,0
3,0
0,0
0,3
0,16
0,0
5,0
0,5
19,2
7,16
3,7
0,3
3,0
3,1
4,0
16,2
0,16
7,16
0,7
0,0
0,3
0,16
0,0
3,4
0,3
0,3
0,0
0,5
3,0
3,0
7,3
0,7
0,0
0,17
0,11
3,0
0,0
7,15
3,7
4,0
0,4
16,7
4,3
0,2
3,0
0,0
0,0
0,0
0,0
3,4
7,13
3,7
0,3
0,0
0,0
0,0
0,0
0,0
0,0
0,0
0,5
0,0
0,0
7,0
0,0
19,0
1,0
1,3
0,15
0,0
4,4
0,4
0,0
0,0
0,1
0,0
3,0
3,0
0,7
3,4
0,3
3,0
4,3
3,7
0,3
15,0
0,15
0,0
0,3
3,0
3,3
0,0
0,0
4,1
3,4
13,3
3,4
7,3
0,7
5,0
0,0
0,0
0,3
4,0
0,4
0,0
4,0
0,0
0,0
16,3
0,16
0,0
4,0
0,4
4,0
0,0
0,0
3,0
0,3
0,0
0,0
4,14
0,17
4,0
0,4
3,3
4,0
3,4
0,3
4,7
0,7
0,0
0,3
4,3
0,4
0,0
3,0
16,4
7,16
0,7
3,5
3,0
16,1
0,4
0,2
7,2
1,7
0,0
4,0
3,0
3,3
0,3
0,3
0,0
0,5
4,0
3,4
0,3
0,0
4,5
3,4
0,3
0,0
3,0
4,4
0,4
3,0
5,0
0,0
16,3
0,11
17,0
4,17
3,4
19,3
0,19
4,0
5,4
0,5
0,2
4,0
13,4
0,1
0,0
0,7
0,1
0,0
0,3
0,17
0,0
3,3
7,3
4,7
3,4
16,3
0,0
0,5
0,0
0,8
0,3
0,0
7,0
0,7
0,14
0,3
0,0
4,0
7,4
17,7
3,2
7,3
0,7
0,0
4,7
0,16
0,15
3,3
0,3
0,0
0,15
5,0
0,5
16,0
0,16
0,0
0,0
1,0
0,0
0,3
19,3
7,19
16,7
0,8
0,0
17,0
0,13
0,0
14,0
0,1
0,0
0,13
0,0
3,0
0,0
3,0
3,0
4,0
0,4
3,0
3,3
0,3
16,0
3,3
0,3
4,0
5,4
3,5
0,8
3,0
3,4
0,17
4,0
0,4
0,0
0,1
7,11
3,4
3,3
0,2
0,0
0,0
0,0
4,0
5,0
3,0
3,1
0,0
0,3
0,0
1,0
0,1
0,0
0,0
3,0
0,3
3,11
0,3
3,0
0,3
0,0
0,3
4,3
0,4
0,0
14,0
3,14
0,16
0,0
4,0
5,5
0,5
3,3
5,3
0,5
3,0
0,0
0,3
0,2
3,0
0,16
3,7
0,3
0,0
0,0
0,0
4,0
0,2
0,0
3,0
3,3
7,3
3,7
3,11
7,3
7,7
7,4
0,7
3,1
0,3
0,0
1,0
0,0
0,0
3,3
2,7
0,3
16,0
16,16
4,3
0,0
0,0
3,5
19,3
5,19
14,5
0,14
0,0
0,0
3,0
3,15
0,3
3,0
7,0
0,7
7,0
0,7
0,2
17,3
0,17
3,0
0,0
5,0
0,5
0,0
3,3
0,3
0,3
3,0
0,3
7,4
3,7
4,3
7,3
3,7
0,0
0,0
4,0
16,4
0,16
0,0
0,15
0,0
0,0
0,1
0,0
0,0
0,0
0,0
4,0
3,3
0,3
0,13
16,3
7,16
0,7
0,0
3,0
0,13
19,7
0,19
4,2
0,4
3,15
0,3
0,0
5,3
0,5
0,3
0,0
2,0
4,2
16,4
7,16
0,7
0,3
0,0
4,3
0,0
3,0
0,7
3,5
0,3
0,3
0,0
3,0
0,3
0,0
5,0
0,0
0,3
4,7
3,4
4,5
0,2
3,0
13,3
0,13
1,1
2,1
0,2
0,0
17,0
0,7
0,0
0,5
0,4
0,0
0,3
0,0
4,0
3,4
0,3
7,5
0,7
0,5
15,0
0,15
3,0
0,3
4,0
3,4
4,1
0,4
0,0
4,0
0,4
7,0
3,7
3,4
0,3
0,0
0,0
0,0
0,0
0,0
0,3
2,14
0,3
7,0
0,7
0,0
3,3
0,3
0,1
4,0
0,4
0,0
0,0
7,0
3,7
0,17
3,0
0,3
0,0
0,0
0,3
3,0
0,0
0,0
0,0
0,16
3,0
3,3
7,4
0,7
0,4
0,3
11,0
7,11
0,7
0,0
0,0
3,0
0,3
0,3
0,0
0,1
16,3
0,4
0,3
0,3
4,0
4,17
17,4
7,17
0,7
3,1
4,3
0,3
0,0
0,4
0,3
7,13
0,7
0,0
0,0
4,0
4,4
0,4
19,1
0,0
2,0
0,5
0,0
0,0
0,3
3,0
0,0
3,3
0,0
11,0
3,11
3,4
1,3
0,1
2,15
0,0
4,0
0,4
3,5
16,4
0,16
19,3
0,19
0,0
3,3
0,3
3,0
4,3
0,4
0,0
0,17
16,0
3,3
4,0
0,17
3,0
0,4
7,14
0,7
0,0
0,0
3,3
7,1
0,7
3,3
0,0
1,13
0,1
0,8
0,0
0,11
0,3
16,14
13,16
3,13
3,3
0,3
3,0
4,0
3,4
0,3
3,0
0,3
0,0
4,1
3,4
0,4
3,0
0,0
0,0
0,0
4,1
0,4
0,0
0,0
0,0
0,4
0,19
0,2
16,3
0,16
3,3
0,0
16,0
0,16
3,0
0,0
7,3
2,7
3,3
0,17
0,0
0,0
3,0
3,3
4,0
3,4
0,0
0,0
1,1
0,1
3,0
0,13
16,11
0,16
4,0
0,3
0,1
4,0
3,0
3,3
15,3
0,15
7,0
3,7
0,0
0,0
5,3
0,5
4,8
0,4
3,3
0,3
0,11
0,1
0,3
0,15
0,0
3,0
0,4
16,16
3,1
0,1
4,0
0,0
0,0
0,0
4,0
0,4
0,0
0,0
4,17
4,4
0,4
0,0
0,4
0,4
0,7
0,14
0,1
16,3
4,16
0,3
0,2
0,0
13,15
3,3
0,17
0,0
4,3
0,4
3,0
11,3
4,11
3,0
0,0
0,5
7,0
3,4
0,7
0,0
0,0
16,5
0,16
7,0
0,0
5,7
0,5
4,4
3,4
5,3
0,4
16,3
3,16
3,15
0,3
0,0
7,1
4,7
4,3
7,4
3,7
4,4
5,4
4,0
16,2
16,16
0,3
4,3
7,3
0,7
0,1
0,14
11,19
5,11
3,5
0,0
0,0
0,4
0,0
3,0
4,3
4,2
0,4
0,0
0,0
3,1
0,3
0,0
0,0
3,0
0,3
0,0
8,0
0,8
0,17
16,0
0,16
3,0
4,3
3,4
0,3
0,14
3,0
0,3
17,0
3,4
0,3
0,1
0,0
0,0
4,3
3,8
5,3
4,5
0,4
0,0
3,16
3,0
0,0
7,3
0,7
0,16
4,0
3,3
7,3
3,0
0,3
0,1
3,5
0,4
4,15
3,4
3,14
0,3
17,0
16,14
3,16
0,3
0,0
3,0
0,0
4,0
3,4
0,3
0,2
0,0
0,0
4,0
0,2
4,3
3,4
3,0
0,3
0,4
17,0
4,17
0,4
0,13
0,0
5,0
0,5
0,0
0,0
3,0
3,3
0,0
0,0
4,0
4,4
5,4
16,5
3,16
3,4
3,13
0,4
16,15
2,16
0,4
4,7
0,3
0,0
0,0
7,0
0,7
0,3
16,0
0,16
0,14
4,1
0,19
0,3
4,0
4,3
0,4
3,3
4,3
0,4
4,3
0,4
0,0
0,0
3,0
4,2
4,4
0,4
0,0
3,15
3,0
0,13
0,0
0,0
3,0
4,3
0,4
0,0
3,0
0,0
0,0
0,0
0,3
16,3
16,16
4,16
0,3
5,16
3,1
0,3
3,0
0,3
0,0
0,2
0,0
0,0
0,0
0,0
0,0
4,1
0,4
4,3
0,3
0,0
0,3
3,0
19,0
0,4
4,0
0,4
3,0
7,0
15,7
0,15
0,1
0,0
0,0
0,0
0,0
5,5
0,5
0,0
7,0
0,7
0,0
0,0
3,0
0,3
0,0
3,0
3,7
0,11
3,0
0,0
17,0
3,17
0,14
4,0
4,4
0,3
7,0
3,4
0,0
7,5
0,7
0,0
0,3
7,7
3,7
3,0
4,4
7,17
0,7
3,0
0,4
4,3
0,0
3,4
0,3
3,4
0,3
0,3
19,0
0,0
4,0
0,4
0,0
0,0
0,11
16,0
0,4
0,3
0,0
4,0
0,1
4,7
0,3
0,0
3,0
0,3
4,4
17,4
3,17
3,0
0,0
3,4
0,3
0,0
7,4
4,4
7,4
0,7
4,0
0,4
0,1
0,4
3,5
0,1
0,0
0,0
0,7
16,0
0,4
4,4
17,7
0,4
7,0
0,7
0,0
2,13
3,8
3,0
0,3
7,11
0,7
4,3
0,5
3,0
0,3
0,2
3,1
0,3
14,5
1,14
0,3
0,0
0,0
19,0
0,19
0,16
13,0
7,13
3,7
4,3
4,4
3,4
0,3
0,14
0,0
0,1
0,0
0,4
0,0
3,0
0,11
3,17
0,3
0,0
3,0
3,3
3,3
0,3
3,0
0,4
0,0
7,3
1,7
0,1
0,0
0,5
0,0
0,8
0,0
0,1
16,3
0,4
3,1
0,1
14,3
0,14
3,7
3,2
7,3
0,7
0,15
3,0
17,3
7,2
0,4
0,11
0,0
0,3
0,0
4,0
0,4
0,0
3,0
3,3
0,3
7,2
8,3
0,17
14,0
0,2
0,5
0,3
0,4
3,17
0,4
4,0
0,4
2,0
0,2
0,0
0,0
0,0
4,4
0,4
7,11
3,7
0,3
0,0
0,0
0,11
0,17
4,2
0,5
0,0
0,1
3,7
0,4
0,0
3,17
14,3
0,14
3,11
0,14
0,0
3,2
0,3
0,0
0,0
3,0
4,4
3,16
0,3
0,0
2,0
7,2
0,7
7,0
3,7
0,0
0,0
0,13
0,0
0,5
3,0
5,3
0,0
7,0
8,15
0,8
0,0
3,3
0,3
7,5
4,7
3,4
3,0
0,0
0,0
7,3
0,7
3,1
5,3
0,5
19,2
4,19
0,3
0,0
0,0
3,0
0,0
0,0
3,3
3,3
3,17
0,4
0,0
3,0
0,3
4,15
7,4
0,7
0,0
0,3
0,0
5,4
0,0
3,0
0,3
2,4
4,2
0,0
16,13
0,2
0,0
0,3
3,0
19,3
0,13
7,0
3,5
3,4
3,3
4,3
0,4
0,3
0,0
0,0
0,0
7,14
3,7
0,4
4,0
16,16
3,1
0,3
4,0
0,4
0,3
0,0
0,16
0,0
0,1
14,4
4,4
3,4
1,0
0,3
0,3
0,0
0,0
7,0
0,7
15,0
0,15
0,0
0,11
0,0
0,0
3,3
3,3
7,0
0,7
3,0
0,3
0,0
0,17
0,0
4,3
4,16
0,4
4,17
1,4
0,1
3,0
0,3
2,0
0,2
7,0
0,7
0,0
0,0
0,3
3,0
0,0
3,15
0,3
0,1
4,0
19,0
0,19
19,0
0,19
4,0
0,4
0,0
0,17
0,0
0,3
17,4
4,0
0,5
0,0
0,1
0,5
1,0
5,1
4,7
0,4
17,3
7,3
3,7
3,3
0,3
0,0
0,0
0,4
0,0
0,1
4,0
3,4
3,3
3,4
2,3
0,14
0,1
0,0
3,0
4,3
0,4
3,0
0,3
0,17
3,0
0,3
3,0
0,16
0,0
0,3
0,16
3,0
7,3
0,7
0,0
0,3
0,3
0,0
3,0
0,0
0,1
3,0
7,3
0,7
0,0
7,0
0,7
0,3
0,17
0,3
0,3
3,0
3,1
0,14
3,0
3,3
17,17
3,7
4,4
15,4
5,3
0,3
0,17
0,4
4,0
7,4
4,7
0,3
0,17
0,17
19,0
0,19
3,3
0,1
3,3
0,3
0,2
3,3
16,3
0,7
0,3
0,0
0,5
3,17
0,3
0,0
0,1
0,0
4,4
4,3
4,0
0,3
0,3
4,15
3,4
0,16
0,15
0,15
0,0
19,0
16,19
3,16
0,2
5,3
0,5
3,0
4,17
4,16
0,0
0,5
0,0
0,3
3,0
5,16
0,5
0,15
3,0
0,4
4,0
17,3
0,17
0,16
3,0
0,3
4,5
0,16
4,0
0,4
0,0
0,0
5,16
3,5
7,3
3,7
0,4
0,0
0,5
0,1
11,0
5,11
4,0
3,3
0,3
3,0
3,7
7,3
16,16
4,16
4,4
4,17
0,0
0,1
0,4
0,0
0,0
0,17
0,4
0,0
0,14
0,0
0,0
8,0
4,8
4,3
0,7
4,0
0,4
0,0
0,0
0,3
0,0
0,3
0,3
0,3
0,16
11,3
0,0
4,0
0,7
4,0
0,4
3,2
7,3
7,7
0,7
0,3
0,0
0,0
0,0
0,0
3,0
0,0
17,2
0,17
13,0
0,13
0,0
4,2
7,7
0,7
3,0
0,3
0,0
0,4
0,1
0,0
4,0
0,4
0,3
0,0
3,5
4,3
0,4
3,0
0,3
0,4
3,0
0,3
0,17
0,0
3,0
0,4
0,3
3,1
0,0
3,0
0,3
4,3
3,4
0,3
4,0
7,4
3,7
0,3
0,5
0,0
0,0
3,0
0,0
0,0
14,3
0,4
7,3
5,7
0,5
0,3
7,0
14,8
0,14
4,3
7,4
16,0
0,16
3,4
3,2
0,0
4,0
0,4
4,0
0,4
0,16
0,0
0,0
0,0
5,0
0,0
3,0
0,0
4,3
0,7
4,0
3,4
4,0
0,4
0,1
0,4
4,7
0,4
4,0
4,3
0,14
0,3
3,0
19,3
0,19
0,0
4,3
0,4
3,0
3,0
0,17
2,5
0,2
0,3
0,0
7,0
3,7
0,5
0,0
0,3
7,0
13,7
2,0
0,2
3,0
0,1
0,0
0,13
0,0
5,0
16,5
4,16
7,4
0,7
0,0
0,0
0,0
0,0
7,4
0,15
0,3
0,0
16,0
0,8
0,0
3,0
11,3
3,0
0,3
0,15
2,0
0,2
0,17
0,0
0,0
0,17
0,0
0,0
5,0
0,5
7,3
0,7
3,16
4,3
0,4
0,3
0,3
0,0
11,3
3,11
0,3
4,0
0,5
0,0
0,17
4,0
3,2
5,0
0,5
0,3
16,0
0,8
0,0
7,5
3,7
0,0
0,0
0,0
4,8
0,0
0,0
0,0
0,5
0,3
4,17
4,4
0,16
0,0
0,0
0,17
0,17
3,0
0,0
0,0
0,3
4,0
4,4
0,4
3,0
0,3
3,17
0,3
0,0
3,3
0,3
0,0
0,5
3,17
0,3
0,0
17,3
3,4
3,0
0,3
0,0
0,3
0,17
0,0
0,0
3,2
0,0
0,0
4,0
0,8
0,0
0,5
3,15
0,3
3,0
3,0
4,0
3,4
0,3
3,3
3,3
0,3
16,4
0,16
3,7
0,3
4,0
0,4
14,0
0,7
3,17
0,3
0,4
0,0
3,3
0,4
0,0
0,5
0,0
4,0
8,0
4,8
4,0
0,4
3,1
3,0
0,0
0,1
0,3
0,4
4,0
0,4
0,0
0,0
0,3
4,0
0,4
0,3
0,0
0,0
0,0
0,3
0,3
3,3
19,3
16,13
0,16
0,0
4,3
0,4
0,5
1,0
3,3
0,0
0,0
4,4
0,4
3,0
0,16
0,0
0,0
7,3
3,7
4,5
0,4
0,1
3,0
0,0
0,1
3,0
17,4
2,17
3,2
7,3
5,0
0,5
0,3
0,0
3,0
3,2
0,0
0,0
0,3
0,13
7,3
3,7
3,3
3,3
0,3
0,7
3,0
0,0
0,5
4,5
2,3
4,2
4,4
7,4
0,7
3,7
3,0
3,0
0,1
3,11
0,3
0,0
0,0
0,0
0,0
0,0
0,3
0,17
4,0
0,4
3,3
3,3
0,3
0,0
3,0
0,0
4,0
0,0
0,0
0,0
0,8
3,0
0,3
4,0
3,2
0,3
3,0
3,3
0,3
3,0
4,17
0,4
15,0
0,15
0,3
3,0
4,0
3,0
17,0
0,14
5,0
0,5
4,1
0,4
3,0
0,0
0,0
0,3
15,1
3,15
0,3
0,0
0,0
0,0
0,1
0,0
7,0
0,7
8,0
0,8
0,1
0,0
0,0
17,0
8,19
0,8
0,0
0,1
7,19
4,4
0,4
0,0
0,0
7,0
0,19
0,0
0,3
3,0
3,3
7,3
0,0
0,0
3,0
0,0
0,0
0,3
0,17
3,3
3,3
3,3
0,3
5,0
3,5
0,3
0,0
0,0
3,0
0,2
0,11
3,0
7,0
0,3
3,0
1,15
16,3
2,15
0,2
3,5
3,1
2,0
0,15
3,0
14,3
0,14
0,0
3,17
0,4
0,3
3,0
0,0
0,0
0,0
4,0
0,17
4,0
3,0
3,3
3,0
7,0
7,4
8,3
0,8
0,0
0,0
0,0
15,17
0,15
4,0
0,4
0,5
3,0
5,0
4,4
19,2
0,19
0,11
4,0
5,4
0,5
2,0
0,4
1,0
3,1
1,3
4,1
0,4
0,0
0,0
0,0
3,0
0,0
0,1
0,0
3,0
0,3
0,0
0,0
16,0
0,16
4,0
0,4
0,0
0,0
8,0
4,8
16,17
0,4
0,0
0,4
4,4
3,4
3,3
3,3
0,15
0,7
0,7
4,0
3,0
0,3
0,0
4,0
0,4
4,1
0,2
7,0
0,7
0,5
3,0
0,0
0,3
14,0
8,0
8,4
0,8
0,0
3,3
0,4
0,0
3,0
5,0
3,4
3,3
11,3
3,3
3,3
0,3
13,0
16,13
7,16
0,7
0,3
0,3
4,3
7,4
3,7
16,4
0,16
2,0
4,16
0,3
3,3
8,3
0,8
0,0
0,3
0,1
0,0
0,3
0,0
4,0
4,16
0,4
3,3
0,3
0,0
0,0
0,0
0,0
0,3
4,7
4,4
0,4
16,3
0,16
0,11
3,3
4,4
0,4
0,0
4,0
5,17
0,5
0,0
0,0
0,0
3,0
0,0
0,0
0,0
4,3
0,0
3,0
0,8
0,0
0,0
0,0
0,0
4,0
0,4
0,2
4,0
17,4
16,19
0,4
4,3
3,2
0,17
3,0
0,3
4,0
0,4
4,0
0,0
0,7
0,0
0,0
0,7
2,0
3,2
0,4
4,0
3,3
13,0
7,13
0,7
0,4
4,4
4,4
15,4
0,4
0,0
16,0
0,4
3,0
3,3
3,3
0,3
0,0
5,14
8,5
0,8
7,0
19,7
0,19
0,0
0,0
4,0
16,4
0,16
0,4
0,0
5,14
4,16
0,4
0,0
0,0
0,0
0,3
0,0
3,5
7,0
7,7
14,7
0,4
3,0
3,3
3,3
3,3
0,3
0,3
0,16
3,5
7,4
0,4
4,0
1,7
3,17
0,3
0,0
5,3
1,3
0,1
0,0
0,0
0,0
0,3
3,3
0,13
3,15
0,0
0,3
3,2
3,0
0,0
0,4
0,1
0,0
0,0
11,0
5,11
0,2
0,0
3,0
4,0
0,4
13,0
0,17
3,0
16,3
15,4
0,15
0,0
0,0
16,3
0,16
4,3
0,4
0,16
3,15
0,0
4,0
14,1
3,14
3,3
0,3
0,0
0,0
3,0
0,0
0,0
0,3
17,0
0,14
3,5
0,13
0,4
0,0
0,0
4,0
0,3
0,4
0,0
0,15
4,14
3,4
3,3
0,3
0,2
0,0
0,3
0,0
3,3
3,0
0,0
4,4
3,0
3,4
19,3
19,19
3,19
0,3
0,0
0,3
7,1
19,7
13,4
4,0
0,4
3,1
0,3
4,4
0,4
0,0
4,0
3,4
0,0
4,4
3,4
0,0
3,0
0,0
0,8
0,0
0,0
3,0
7,3
14,7
2,14
0,1
0,3
0,0
0,0
0,3
3,3
0,3
0,0
0,7
7,8
3,7
3,3
0,3
0,0
0,0
0,3
0,15
4,3
0,4
0,3
3,3
0,16
3,0
0,4
2,0
5,3
0,5
0,5
0,0
3,0
3,0
19,3
0,19
0,0
0,4
0,5
0,17
3,1
2,0
0,5
0,0
5,0
0,5
4,0
0,4
3,13
3,8
0,3
0,0
0,3
4,16
3,4
0,0
3,3
0,3
4,0
0,4
3,0
3,0
4,0
16,4
3,16
0,0
1,7
3,0
0,3
3,0
3,3
0,16
0,17
3,0
0,0
0,0
19,0
0,0
4,0
3,4
3,0
0,3
0,0
0,0
4,0
0,8
0,3
3,0
0,0
0,0
3,0
3,5
0,0
4,3
0,4
3,0
4,3
0,13
0,0
0,3
3,0
0,3
0,3
0,0
0,0
0,3
0,7
3,0
0,3
0,11
0,3
4,7
0,4
2,3
4,4
3,4
7,2
7,7
0,7
0,11
0,11
0,16
0,0
17,0
0,2
0,0
3,3
3,3
0,1
0,0
0,0
0,11
0,3
7,14
7,7
3,7
3,13
0,15
0,3
4,0
0,4
0,0
0,3
0,11
0,16
3,0
0,3
0,1
3,0
0,3
0,0
4,13
0,4
0,0
0,0
0,0
3,0
4,3
0,19
0,2
14,0
0,0
3,0
3,3
0,13
3,16
2,3
16,4
4,16
3,4
0,3
3,0
0,0
0,0
0,4
0,16
16,0
0,8
3,0
2,0
3,2
3,3
0,3
0,0
0,0
3,4
3,4
0,1
0,1
3,0
0,3
3,0
0,3
0,0
3,0
3,3
3,5
4,3
0,4
0,4
7,14
0,0
5,0
4,5
3,5
4,3
0,4
0,0
0,13
0,1
0,0
4,0
8,0
0,8
0,13
0,1
0,4
14,0
4,14
19,4
7,0
4,7
3,3
0,3
2,0
7,2
0,8
0,0
0,11
0,17
5,0
0,3
0,0
4,0
3,4
3,0
3,3
0,0
0,16
0,0
0,0
0,3
4,3
4,11
3,4
4,0
3,4
3,3
0,3
3,3
0,3
0,7
4,3
7,3
0,7
0,0
13,3
0,13
0,0
4,0
0,17
0,0
3,0
3,3
0,3
0,0
15,3
0,15
0,0
3,17
3,3
0,1
4,0
3,4
0,0
0,4
14,0
0,14
3,0
0,1
3,0
0,3
0,0
0,2
0,0
0,0
3,11
0,3
3,0
0,0
0,3
0,0
0,2
17,5
0,3
0,2
8,11
0,8
0,0
0,0
0,0
16,0
4,16
0,4
0,0
0,0
4,0
7,16
0,0
3,17
0,3
16,14
0,16
0,3
0,5
0,1
0,0
0,0
3,0
0,3
0,0
4,5
4,7
3,4
0,3
7,0
0,0
0,0
0,0
0,0
0,0
4,3
0,4
0,0
3,15
4,4
3,17
0,3
0,0
0,0
0,3
17,0
3,17
0,1
5,0
0,3
0,0
0,3
0,0
3,0
0,3
3,1
4,0
4,0
0,4
0,0
3,0
4,0
0,4
0,0
0,0
0,0
3,0
0,3
3,0
0,3
0,0
3,0
0,2
13,0
16,13
0,8
0,0
3,0
0,3
3,3
4,0
0,4
4,0
0,16
4,0
0,4
3,0
0,3
4,0
3,4
0,16
0,0
0,0
3,7
4,3
0,4
0,0
0,0
4,0
0,3
0,0
0,3
0,0
7,0
0,17
0,0
0,0
0,17
7,4
3,7
4,3
3,2
0,0
0,0
0,13
0,0
3,4
2,3
0,2
16,5
0,16
3,15
3,3
0,0
3,19
3,3
0,0
0,0
4,0
0,14
16,4
0,16
0,0
0,0
0,0
4,4
0,4
3,0
4,5
0,4
3,0
3,3
0,3
0,0
0,2
0,0
0,0
4,8
3,4
4,3
1,2
19,0
0,19
3,0
0,0
0,3
17,0
7,2
0,0
0,13
0,3
0,0
0,5
3,0
1,0
7,0
3,7
1,5
0,17
0,3
0,2
0,1
3,7
8,3
3,8
3,5
0,4
0,0
16,0
0,16
0,0
3,0
7,0
0,7
0,4
0,0
7,3
4,17
0,4
0,0
0,0
1,4
0,0
0,3
0,0
0,3
0,0
0,2
7,3
4,7
5,0
0,5
16,0
7,16
0,17
5,16
0,5
0,3
3,0
0,3
4,0
3,4
0,3
0,0
7,0
0,7
0,0
4,3
0,4
0,3
3,19
3,3
3,3
0,3
3,0
3,3
4,0
0,4
0,0
0,3
0,0
0,0
0,0
0,0
0,2
0,4
0,0
4,0
0,4
0,4
0,0
7,4
1,7
5,0
0,0
4,0
0,0
3,0
3,3
0,13
16,2
3,16
0,0
0,7
4,14
0,4
7,0
4,7
7,4
0,7
0,1
0,4
7,3
0,7
3,0
7,3
0,7
0,3
0,0
0,0
0,0
0,3
3,0
0,2
0,0
0,0
4,0
0,2
0,3
0,5
3,0
0,3
0,17
3,0
4,0
0,4
16,3
8,16
0,14
0,3
3,0
3,3
4,3
0,4
0,0
3,14
0,0
0,13
0,3
3,0
0,3
0,2
0,0
0,3
3,0
0,11
3,0
0,4
3,0
3,3
0,3
17,0
3,16
2,3
0,2
3,0
0,0
2,7
0,2
0,0
17,3
4,17
0,4
3,3
0,0
0,14
4,0
0,14
0,7
3,0
4,5
4,2
0,4
3,0
5,4
0,5
0,0
0,0
4,0
0,4
3,16
17,3
4,4
4,4
0,4
0,2
0,0
0,17
0,3
0,0
4,17
0,4
0,11
0,0
0,3
0,2
3,5
0,5
0,0
3,0
16,0
4,16
0,4
0,0
11,0
0,11
0,0
0,0
5,0
0,5
0,3
0,0
0,0
0,0
0,0
3,16
3,0
3,2
4,3
3,4
5,0
3,5
3,3
0,0
0,0
0,0
8,0
0,8
4,0
0,4
17,0
0,0
0,15
0,0
0,0
0,0
0,0
0,1
0,3
3,4
0,3
0,0
3,0
3,0
3,3
3,3
0,3
0,0
4,13
3,4
0,3
0,0
4,0
1,4
0,1
0,0
3,0
0,0
4,0
0,4
0,0
3,5
0,0
3,3
0,3
3,0
4,0
4,2
5,0
4,5
0,2
0,0
4,0
2,4
4,0
3,4
4,1
0,4
0,0
0,14
0,0
5,0
0,5
0,3
0,3
0,0
3,0
17,3
4,17
0,5
1,0
0,1
0,0
0,0
0,3
0,3
0,0
0,0
0,0
4,3
3,2
0,0
4,0
0,4
3,4
4,3
3,3
0,3
0,17
0,0
0,0
1,3
0,3
0,15
3,0
7,3
7,7
4,7
0,4
3,11
0,3
3,5
7,3
3,7
0,0
4,0
3,16
3,7
0,0
7,0
7,7
3,7
0,0
0,0
3,0
16,3
0,16
3,5
16,0
0,16
3,14
4,3
19,4
0,4
4,0
0,19
0,0
0,0
0,0
0,3
0,0
0,0
0,3
0,0
0,5
3,0
3,16
0,3
0,3
3,3
3,3
3,0
0,17
0,0
0,0
0,7
2,4
4,2
0,7
0,4
3,0
3,0
0,0
0,0
0,0
3,0
7,0
4,3
0,2
3,0
3,3
0,3
0,0
0,0
0,0
2,1
4,7
3,3
0,3
4,0
3,8
0,0
4,0
0,4
0,0
0,5
0,1
3,0
0,3
3,0
0,3
0,0
7,0
19,4
3,19
2,3
4,2
0,4
3,2
0,3
0,0
0,0
3,0
0,0
0,0
0,0
0,7
4,0
0,4
0,3
0,0
16,0
7,16
0,7
7,0
3,7
0,3
16,0
2,16
0,2
3,3
4,0
0,2
0,0
3,0
0,0
3,3
3,3
7,3
0,7
3,0
0,3
0,0
14,0
0,14
0,0
0,0
0,0
0,0
0,0
0,0
0,3
4,3
3,0
0,4
15,0
14,15
0,14
3,0
14,3
0,14
0,0
7,0
0,7
7,3
0,7
0,3
0,0
0,0
0,17
0,17
0,0
4,3
0,4
0,2
0,0
3,0
0,3
3,0
0,3
5,0
4,17
3,4
0,3
0,7
0,4
0,14
4,0
0,4
0,0
3,0
0,0
0,0
3,0
0,0
0,0
0,0
0,3
3,0
0,16
0,0
3,3
3,3
4,17
17,4
0,2
5,5
0,5
0,0
0,0
19,3
3,19
7,13
0,7
0,0
19,0
3,0
3,13
3,3
19,0
0,19
3,3
0,0
0,0
0,0
0,0
0,0
0,3
0,0
0,0
0,0
0,0
0,7
0,0
0,3
19,0
3,19
0,3
0,0
0,0
7,4
7,7
3,7
0,3
0,3
5,0
0,3
0,0
0,0
0,0
0,7
0,0
0,0
0,0
0,13
3,0
0,3
0,0
3,0
0,3
4,0
0,4
3,0
17,14
0,13
0,0
0,0
3,0
0,3
0,0
0,3
0,1
0,4
0,0
0,0
2,0
3,2
0,0
7,0
4,7
4,17
0,4
0,0
3,7
0,0
3,0
3,3
0,3
0,0
3,0
0,0
0,0
0,0
4,15
13,16
0,13
0,0
3,0
8,0
0,8
0,0
7,0
3,7
4,3
0,4
16,0
0,16
3,0
0,4
7,3
0,8
0,0
0,0
3,0
3,0
0,3
0,0
2,1
0,0
0,0
4,3
0,3
3,0
0,3
0,5
17,0
0,17
4,0
4,17
3,3
3,3
0,3
0,0
0,4
3,3
7,3
3,7
4,0
0,4
0,0
0,0
0,4
0,16
0,1
7,0
0,7
0,0
0,0
3,17
0,0
3,0
0,0
0,0
0,3
4,4
0,16
0,3
3,7
14,0
3,14
0,3
15,4
3,15
0,0
4,0
2,4
0,2
4,13
0,2
0,0
0,4
4,1
3,4
0,3
3,0
0,0
0,3
0,0
3,0
0,3
0,0
0,3
0,0
3,3
0,0
0,14
3,0
7,0
3,7
0,3
0,0
0,0
14,0
0,17
1,0
4,1
0,4
3,0
0,3
0,2
0,0
4,3
0,2
0,0
0,1
0,0
0,0
0,4
4,3
0,4
3,0
5,0
0,16
0,0
0,0
3,0
3,3
0,1
4,0
2,17
0,0
0,0
0,0
0,0
0,3
3,0
3,3
0,3
3,0
3,1
16,0
0,3
3,2
0,0
0,3
0,0
3,0
0,3
0,0
7,2
0,17
3,4
3,0
0,3
3,1
0,0
0,3
3,15
8,3
3,3
0,17
3,0
0,3
0,5
0,0
4,0
16,2
0,16
0,0
3,0
0,3
0,5
0,0
0,0
4,0
3,5
0,3
7,4
0,7
3,0
0,3
4,0
4,0
3,4
0,3
0,0
0,0
3,3
0,3
0,0
0,0
19,0
1,14
3,1
4,3
0,4
0,0
3,3
4,3
4,4
4,4
0,4
7,4
0,7
0,0
3,0
3,17
0,3
0,0
3,2
4,0
3,16
7,0
0,7
0,0
3,2
0,7
0,3
5,2
0,5
4,0
0,4
3,0
0,0
0,4
4,5
0,2
0,0
0,0
4,3
0,4
3,3
7,0
0,0
0,3
4,0
0,4
0,0
0,0
0,14
0,1
0,5
3,0
0,3
4,3
4,4
16,3
3,16
0,17
0,0
16,3
16,16
0,16
0,3
0,0
4,4
4,1
3,0
0,3
0,0
3,3
4,3
4,4
3,4
3,4
0,3
17,0
17,17
3,4
4,0
3,4
4,3
0,8
7,0
16,3
0,16
0,0
3,17
0,3
0,17
7,0
0,7
3,0
0,3
1,0
0,7
2,17
3,2
0,3
0,0
4,0
0,7
13,0
0,11
11,0
0,11
0,0
3,0
0,0
17,0
3,0
2,3
0,2
0,0
16,5
4,13
0,0
0,3
3,0
3,13
0,0
0,3
0,0
0,3
17,7
3,0
0,14
0,0
4,3
4,4
3,2
0,3
3,3
0,3
3,3
4,3
0,4
0,0
4,0
0,4
0,0
0,0
0,3
0,5
0,13
0,0
14,3
3,14
3,0
4,5
0,4
0,0
0,0
0,14
0,0
0,0
0,3
0,0
0,3
0,0
0,0
0,0
7,0
7,7
0,7
0,0
4,14
0,2
8,3
4,8
0,4
0,3
0,0
0,0
0,11
0,16
4,0
0,4
3,4
0,3
0,0
2,0
0,2
0,0
0,13
0,0
0,5
0,3
16,5
0,16
3,17
1,3
0,1
16,0
0,16
0,0
0,3
0,3
3,0
0,17
3,1
0,3
16,4
0,16
0,1
4,7
3,4
4,0
0,2
3,3
4,3
0,4
0,0
7,0
0,7
0,0
3,3
0,0
0,0
0,3
5,0
7,5
0,7
0,4
0,3
0,3
3,17
0,3
7,0
0,7
3,3
3,3
3,0
8,3
0,8
3,0
3,3
0,3
0,0
3,0
4,3
3,4
0,0
0,3
0,15
0,7
3,5
0,3
4,0
0,4
0,3
0,0
3,0
3,3
0,1
0,7
3,4
0,3
3,3
3,3
3,0
0,1
0,4
3,0
0,0
0,0
0,2
0,0
0,4
0,4
0,0
7,14
0,7
2,17
0,4
5,0
7,5
0,7
0,1
19,11
2,19
19,16
0,19
0,2
0,0
1,7
7,0
0,7
4,0
2,4
7,2
0,7
16,0
7,16
4,7
4,4
0,4
4,3
0,4
0,0
0,3
3,0
0,3
0,0
0,3
0,0
0,0
16,2
17,16
3,4
0,17
0,16
4,0
0,4
3,0
4,3
0,4
3,0
3,3
3,3
0,5
0,0
3,5
3,0
0,0
0,0
3,4
0,4
16,0
16,16
0,7
17,0
4,17
3,4
13,3
2,13
0,2
4,7
0,4
3,4
3,4
0,13
0,3
3,11
4,0
0,4
0,0
3,3
0,3
0,0
0,0
1,1
0,1
0,0
3,3
0,3
0,0
0,0
0,0
0,2
0,0
0,3
3,0
0,0
4,3
0,4
0,0
0,0
7,0
3,7
0,3
0,3
0,1
3,0
3,11
0,3
4,0
0,4
0,5
0,0
16,1
0,16
3,3
0,0
4,11
0,4
7,5
3,7
0,0
0,0
0,1
3,4
4,3
3,4
0,3
0,3
3,0
3,0
3,16
0,3
0,4
0,0
0,11
0,3
4,0
0,4
3,0
0,4
3,0
3,3
0,3
0,0
0,4
3,5
4,3
0,4
3,17
0,3
0,4
0,0
0,0
0,1
14,0
0,14
17,0
0,0
0,0
0,0
0,0
4,0
0,11
16,2
0,16
0,3
0,3
16,0
16,17
0,16
7,0
0,4
3,0
0,3
0,0
0,3
16,0
0,0
16,3
5,0
4,5
0,4
0,7
0,0
3,0
3,3
4,15
0,5
0,0
0,3
0,0
0,0
4,0
4,0
4,4
4,3
5,4
0,5
3,4
0,14
0,13
0,0
7,0
3,7
4,3
2,4
16,0
4,16
3,7
0,3
7,3
0,7
0,4
0,16
0,3
3,0
4,16
4,3
0,0
0,1
0,0
0,0
0,0
3,5
3,3
0,8
14,3
0,7
0,0
3,0
4,4
0,4
4,0
0,2
0,0
0,4
16,0
0,16
4,0
0,4
19,0
5,19
0,5
0,0
3,0
0,3
0,3
0,3
17,0
0,4
8,0
3,8
0,3
3,0
0,17
0,0
0,0
0,0
0,4
3,0
0,0
4,4
0,4
3,0
0,3
3,0
17,3
0,17
0,0
3,4
0,3
0,0
0,0
0,0
3,0
0,3
0,4
4,0
0,16
0,3
0,3
0,0
0,3
0,0
0,0
3,3
0,0
0,0
3,0
3,13
0,4
7,2
0,7
4,0
0,4
13,1
0,0
3,0
16,2
4,16
0,4
7,0
0,7
0,0
0,2
3,0
0,3
3,0
0,0
0,3
0,7
0,3
0,0
3,0
0,3
0,4
0,0
0,0
16,3
3,17
0,13
8,7
0,8
7,0
0,7
0,3
0,0
3,0
4,0
0,3
0,3
4,0
0,0
2,0
0,0
0,0
0,0
3,3
0,3
0,1
4,0
3,0
0,0
3,3
0,3
0,0
4,2
0,4
0,19
0,0
0,0
0,0
3,3
0,3
17,5
13,0
0,3
0,0
7,0
4,7
0,4
16,3
3,16
4,4
3,4
7,17
0,7
17,0
0,17
0,5
7,0
0,4
3,0
0,4
2,3
4,4
0,4
1,0
0,0
0,0
0,0
3,0
0,3
0,1
3,0
0,3
7,0
3,7
0,3
3,3
0,3
0,0
0,5
7,0
5,7
15,5
3,0
0,3
0,7
4,0
0,3
0,0
3,0
0,0
0,0
0,0
3,0
0,0
4,3
0,1
0,4
3,0
3,5
3,0
3,4
0,3
1,3
0,1
4,0
0,17
0,4
3,0
2,0
0,17
3,0
7,15
3,7
0,3
3,0
0,0
0,3
0,0
0,0
3,3
3,4
5,0
3,5
0,0
3,0
0,0
0,17
0,0
0,0
3,0
3,3
4,3
0,0
0,0
5,0
2,4
0,2
0,19
7,0
7,7
3,7
0,0
4,0
0,3
0,3
0,0
5,3
0,5
0,7
3,16
4,3
4,2
0,4
0,0
7,3
0,7
3,0
4,5
0,4
3,0
0,3
4,0
0,4
0,4
0,0
0,1
0,0
4,0
3,4
0,3
3,0
0,3
5,1
0,4
7,3
0,7
3,3
0,3
0,5
3,15
3,4
0,0
0,4
3,0
3,3
0,4
0,4
0,0
0,4
0,3
0,3
0,0
5,0
0,5
3,3
3,3
3,3
5,0
7,3
3,4
3,3
0,0
0,0
0,0
0,3
3,1
0,5
13,0
4,13
0,3
4,0
0,4
0,0
0,3
0,0
4,0
3,0
14,3
0,14
0,0
4,0
16,3
0,16
0,4
0,0
17,4
4,17
0,4
0,0
0,0
0,0
0,3
0,0
1,0
0,7
0,0
0,0
0,1
0,0
5,0
0,5
4,7
0,4
3,3
0,3
3,7
1,3
0,13
0,0
5,3
0,5
5,1
0,5
3,0
2,0
3,2
0,0
0,0
0,0
7,0
0,7
0,3
0,2
0,0
0,0
3,0
0,3
0,15
0,3
3,0
0,3
0,0
0,3
0,0
0,3
3,0
4,4
0,4
0,0
0,0
0,19
4,15
0,4
4,8
3,0
3,3
1,0
4,1
0,4
3,0
0,3
4,0
7,4
3,7
3,3
3,0
3,3
0,1
4,0
3,0
0,3
0,4
3,0
0,3
0,0
0,13
3,0
0,0
3,2
4,3
0,4
0,0
0,0
1,3
0,1
0,0
0,0
1,0
3,0
0,3
17,15
0,17
3,0
0,8
0,0
0,2
0,0
0,5
0,0
0,3
0,0
0,0
0,13
0,0
7,2
0,7
0,3
0,3
0,0
0,0
0,0
0,0
4,0
4,4
0,2
14,0
0,14
0,3
0,0
0,0
0,3
3,3
0,0
7,0
0,7
3,5
0,3
0,14
0,16
0,14
19,0
0,19
0,0
0,0
0,0
0,5
3,0
0,0
0,4
0,0
3,0
0,0
0,13
0,5
0,0
0,0
15,0
3,15
3,2
2,0
4,2
5,4
0,5
0,4
0,0
3,0
4,3
7,3
15,7
0,15
0,15
3,0
14,3
3,14
0,3
0,0
4,0
7,4
3,7
0,3
0,0
0,0
4,0
17,4
0,17
0,3
3,0
0,0
0,3
0,16
0,0
0,15
0,0
3,0
0,3
4,5
0,4
7,16
0,7
0,2
0,3
0,4
14,3
3,14
15,3
16,15
0,16
3,0
0,0
4,0
0,2
3,0
0,3
0,3
3,7
4,1
0,4
3,3
0,0
0,3
0,0
17,0
0,17
14,0
0,14
5,0
0,0
0,0
17,0
0,16
0,3
0,3
0,4
3,0
0,0
0,0
0,0
0,0
0,15
16,3
0,16
3,0
0,3
0,0
7,0
0,7
0,0
4,0
14,4
0,14
0,0
3,1
4,3
0,4
3,1
0,3
4,4
7,4
14,4
5,14
0,5
16,0
0,16
7,0
19,7
8,19
3,8
8,4
0,8
0,0
0,7
5,0
0,0
3,0
0,14
0,3
0,0
3,0
5,3
0,5
0,0
0,0
0,0
3,0
0,3
3,3
4,0
0,4
3,7
0,3
0,0
0,3
0,1
0,11
0,16
4,0
3,4
19,4
3,13
2,1
0,2
0,15
0,0
3,0
0,3
0,0
0,0
3,0
3,0
3,7
4,17
0,4
11,0
0,11
0,0
3,0
3,0
4,0
0,4
0,0
3,17
0,0
0,0
0,3
0,3
13,0
7,13
0,7
4,0
1,4
3,1
4,3
3,4
0,3
0,0
0,3
0,0
16,0
3,16
4,13
3,4
0,3
0,17
0,0
3,0
0,0
3,0
16,3
3,16
4,17
3,0
0,3
4,0
4,4
0,4
0,0
0,0
3,0
4,0
4,4
0,4
0,14
0,0
4,0
3,4
0,0
16,3
0,16
3,14
8,3
4,5
0,4
7,0
0,7
16,17
0,16
4,0
0,3
3,0
0,0
0,3
7,0
4,7
4,4
0,4
0,0
0,3
4,0
11,4
0,11
16,0
0,16
0,16
4,0
0,4
0,0
3,3
19,3
0,4
2,0
0,4
0,0
4,3
0,4
0,0
16,0
3,3
0,13
1,0
0,1
0,1
17,0
3,2
4,3
0,4
3,0
3,3
16,0
0,16
0,0
7,0
5,7
0,5
0,0
4,0
4,4
4,4
0,4
0,0
0,0
19,0
0,0
0,19
16,0
0,4
3,4
3,3
3,4
0,0
5,3
0,3
0,5
3,3
3,1
3,3
4,8
3,0
3,4
4,14
3,3
0,4
0,3
0,3
0,3
3,0
0,7
0,4
0,4
3,0
0,0
16,0
4,0
3,4
0,4
0,0
7,0
3,19
0,4
0,8
2,0
3,0
7,4
4,3
0,7
17,4
0,0
0,4
0,0
3,0
14,0
16,3
7,14
3,16
0,7
0,4
0,0
3,0
0,0
0,3
0,0
4,0
0,0
7,4
3,0
4,7
0,3
0,4
0,5
4,0
0,0
0,4
0,0
3,0
0,0
0,0
13,0
3,0
0,13
0,3
0,0
0,3
3,0
4,0
8,11
1,17
0,8
0,1
3,0
0,3
0,3
0,0
4,0
0,0
0,4
16,0
3,4
4,16
0,4
0,4
0,0
0,0
0,3
0,0
4,5
3,0
0,4
4,3
0,2
0,17
8,0
0,5
0,8
0,0
4,4
0,17
0,0
0,11
3,3
17,0
4,0
4,17
0,8
0,4
0,0
0,4
0,0
3,3
0,3
7,3
5,3
0,7
0,16
4,0
0,0
0,4
0,0
3,3
0,0
0,3
3,0
0,0
0,3
0,3
4,0
17,0
0,4
0,0
0,3
0,3
0,0
0,0
0,3
0,0
0,0
0,0
0,0
0,3
0,0
0,0
4,5
0,0
0,4
3,0
0,16
4,3
0,3
3,4
0,3
0,11
0,16
0,0
2,5
7,4
0,2
0,7
4,4
0,3
0,4
4,0
19,14
0,4
0,19
0,0
5,3
0,0
14,7
4,3
0,14
3,4
4,0
0,13
0,0
0,0
4,0
0,4
0,4
0,3
4,3
0,0
17,0
0,7
3,4
0,0
0,3
0,0
0,4
0,0
0,3
0,0
0,0
0,0
16,0
0,3
0,8
0,3
0,0
0,0
4,0
0,2
0,4
0,3
4,5
4,0
4,4
0,0
3,4
3,4
3,16
0,3
0,0
3,0
2,0
17,3
0,2
0,5
0,0
4,0
3,3
7,4
4,3
7,7
15,13
0,7
0,15
0,0
3,0
0,0
0,0
0,0
3,0
0,0
1,3
2,0
0,1
0,2
3,0
0,3
0,3
3,0
3,0
3,3
0,0
2,3
0,14
0,2
0,0
0,13
0,3
0,0
7,13
3,3
3,7
0,0
0,0
0,14
3,3
7,3
4,4
4,7
16,4
0,4
0,16
7,4
3,3
0,7
0,3
0,4
0,0
3,0
0,0
0,3
3,0
0,0
0,0
17,0
3,0
0,17
4,8
0,14
2,3
0,3
7,4
16,0
11,7
4,16
3,5
0,4
0,0
0,2
0,17
0,0
0,7
0,0
0,1
0,2
5,0
0,3
3,5
2,0
0,3
0,0
0,0
0,0
3,0
0,0
3,3
0,0
4,3
0,0
3,4
3,0
3,0
0,3
0,0
0,0
0,0
19,0
0,3
0,19
3,0
3,0
16,3
11,3
3,16
0,11
14,3
3,4
3,14
0,3
4,3
3,0
3,4
4,0
0,3
0,4
4,15
3,0
0,0
4,4
3,0
4,4
3,0
16,4
17,0
19,0
0,0
3,19
0,0
0,3
0,0
3,4
0,2
5,3
0,17
0,5
0,0
0,0
3,0
0,4
3,3
0,0
0,3
0,0
0,0
17,16
0,4
0,17
0,0
0,0
0,0
7,0
5,0
0,16
0,5
4,0
0,0
4,4
3,0
3,5
7,0
0,3
3,7
0,3
0,3
3,0
0,0
3,3
0,0
4,13
16,4
0,4
3,16
4,11
0,2
0,2
0,0
3,4
3,15
3,3
3,15
5,4
4,3
4,5
4,4
3,0
2,4
0,0
0,2
0,16
4,3
0,0
7,4
0,19
0,7
3,0
3,0
0,0
0,0
4,0
3,0
0,4
3,3
3,3
0,4
4,3
0,1
3,4
0,2
0,0
0,3
0,11
0,1
0,2
5,3
3,3
4,0
0,0
0,2
0,0
0,0
4,0
0,3
0,3
4,0
4,3
4,4
0,4
3,4
0,0
0,13
0,17
0,0
4,0
11,3
5,4
7,11
16,0
0,7
1,3
3,8
0,3
4,3
0,7
4,16
1,3
13,4
0,0
3,13
0,5
0,0
0,0
4,0
0,0
0,4
3,0
0,0
0,3
0,0
0,0
0,17
0,0
0,0
0,3
0,3
0,17
0,5
0,0
0,3
3,0
0,0
0,3
4,0
4,5
3,3
3,4
0,3
0,11
3,3
0,0
0,3
3,0
0,0
0,3
0,0
0,0
3,3
4,0
3,3
0,0
5,3
4,5
0,0
3,4
0,0
0,3
0,0
0,1
16,0
0,0
3,16
0,14
1,3
0,0
0,0
0,4
0,5
0,7
5,3
0,0
0,3
11,3
0,3
19,7
4,0
3,19
14,4
0,3
3,14
3,4
7,16
3,5
0,7
7,3
3,3
3,7
3,3
0,3
4,0
4,0
0,4
7,4
4,15
0,1
3,4
0,19
8,0
3,3
0,8
7,4
3,13
0,7
0,13
5,3
0,0
16,5
0,15
1,16
7,4
5,1
0,7
14,5
0,1
0,14
0,0
3,0
11,1
16,3
0,11
0,16
3,3
4,0
0,3
4,4
0,0
0,17
0,0
0,5
0,0
0,0
0,1
1,7
4,3
0,4
0,4
0,3
3,0
0,0
0,0
4,0
0,0
4,4
3,0
5,4
0,3
3,8
0,7
0,1
0,0
3,0
0,0
3,3
3,3
0,1
3,3
0,0
0,13
0,3
4,0
7,0
3,16
0,7
0,0
3,0
0,0
3,3
3,0
0,3
5,3
4,17
3,0
4,4
4,14
0,4
0,4
0,0
0,0
3,1
7,3
0,0
0,7
4,0
4,0
17,4
0,0
0,4
0,0
0,0
3,3
3,0
7,3
0,3
3,7
0,1
0,13
19,0
0,0
7,19
4,0
0,7
3,4
0,17
0,0
0,0
0,16
0,0
7,17
0,0
0,7
3,0
0,0
15,3
0,0
0,15
3,0
0,16
3,13
3,4
0,5
0,3
3,0
4,0
0,3
17,17
4,0
17,17
3,4
0,4
0,19
3,0
0,14
3,2
0,0
0,0
0,0
0,3
0,13
4,4
8,0
0,4
3,3
3,0
3,3
7,0
16,0
0,3
14,16
0,3
4,4
0,0
0,0
4,0
0,0
3,0
3,0
0,0
4,0
3,4
3,16
3,2
0,0
2,2
4,13
0,2
0,2
0,2
0,0
4,0
0,4
0,8
4,0
5,3
0,0
0,5
0,0
0,3
0,0
5,3
0,0
7,5
0,13
0,3
2,3
4,0
0,0
0,0
5,3
0,0
0,7
0,0
0,0
0,0
0,13
1,4
0,0
0,1
4,0
0,0
3,4
0,3
4,3
3,3
0,17
17,3
0,7
0,17
0,0
0,3
0,0
1,5
0,0
0,1
0,7
0,17
0,1
0,1
4,0
16,4
14,2
0,16
0,3
0,0
0,0
0,0
0,0
0,0
3,0
0,3
0,4
0,0
0,4
0,0
0,3
0,2
3,3
4,0
4,3
17,0
1,4
0,8
3,1
0,0
0,3
0,0
4,3
0,0
17,4
0,7
16,17
0,3
0,16
0,5
0,3
0,4
3,0
0,0
0,0
3,3
0,0
0,3
3,0
0,0
0,0
3,0
3,0
7,0
0,3
4,7
3,4
0,4
7,3
7,0
0,7
4,7
3,0
0,4
0,1
0,2
4,0
0,1
0,0
0,0
0,3
4,16
2,16
4,4
0,2
7,0
3,0
5,7
3,0
4,5
3,3
3,4
0,3
0,3
0,0
0,0
3,0
0,17
7,0
0,4
0,7
0,0
0,0
0,0
4,1
3,0
3,16
0,17
3,0
16,0
5,3
5,17
0,8
5,5
16,7
4,5
0,16
0,4
0,0
7,0
2,11
0,7
0,2
3,5
0,0
0,3
0,0
0,0
0,0
0,0
0,3
17,5
0,0
0,15
4,0
4,3
3,3
0,4
0,3
15,16
0,0
4,15
0,0
0,8
7,17
0,0
0,7
3,1
3,0
0,0
3,3
0,0
0,3
0,0
3,17
0,1
4,3
3,0
0,4
0,4
0,0
3,0
7,0
0,3
0,0
0,0
0,3
0,0
7,0
4,3
0,7
4,4
0,0
3,4
15,0
0,0
0,15
3,17
0,4
3,0
0,0
4,0
0,2
0,4
0,0
3,0
5,0
0,0
1,0
1,0
0,0
0,1
4,3
4,17
3,4
2,4
0,3
4,0
0,5
0,4
3,3
3,0
16,3
4,1
4,16
16,4
4,4
3,16
19,4
3,3
1,19
0,3
0,0
0,0
0,0
0,0
0,0
0,2
3,0
0,3
4,3
0,3
16,4
0,3
3,16
4,0
0,0
4,4
0,0
0,0
3,0
0,0
3,3
3,0
0,3
1,3
3,2
0,3
0,3
0,3
8,3
0,3
2,8
3,0
8,3
0,3
0,8
3,3
0,0
0,0
7,4
0,0
3,7
0,1
0,0
0,0
4,0
0,0
3,4
4,11
0,3
0,4
0,0
3,0
0,0
0,3
0,7
16,4
3,7
0,16
3,13
0,0
0,3
4,0
7,0
0,4
7,7
3,0
0,0
1,0
3,0
0,0
3,3
3,0
3,3
13,3
3,3
0,0
4,3
3,0
0,4
7,3
0,0
0,7
17,3
0,3
0,4
0,3
0,3
2,0
3,4
0,2
0,3
4,0
4,4
3,4
0,15
0,3
3,7
4,0
4,3
0,0
3,4
3,7
0,4
0,3
0,0
4,5
0,0
0,16
3,0
0,2
7,13
3,3
4,4
0,1
3,3
3,4
3,1
17,3
0,3
0,0
15,0
3,0
1,16
17,0
3,1
5,0
0,3
0,8
2,3
0,0
0,7
4,3
0,2
0,4
0,3
8,5
7,0
0,8
0,7
4,0
3,0
0,4
0,3
7,0
4,0
7,0
7,4
0,7
0,7
4,0
0,0
4,4
0,0
0,0
0,0
3,0
0,4
14,3
0,3
4,5
0,2
16,16
4,7
0,16
0,3
0,0
3,0
3,0
16,3
0,3
0,16
0,0
4,16
0,0
0,4
0,7
0,0
0,0
0,15
0,3
0,0
0,15
3,0
4,0
0,3
3,4
8,0
3,3
0,16
0,7
3,7
3,4
8,3
19,1
17,8
0,19
0,4
3,0
0,3
0,7
3,0
0,2
0,3
4,0
3,0
3,5
0,3
0,3
0,0
0,0
0,0
0,2
3,0
0,4
2,0
0,14
3,4
0,0
0,3
3,3
16,16
0,0
4,16
0,0
0,5
3,0
0,3
0,3
3,5
0,0
16,3
3,7
0,16
4,17
0,0
14,4
3,1
0,0
3,3
0,3
3,3
0,0
0,3
0,0
5,3
3,0
16,5
0,0
0,16
16,0
7,3
7,16
0,7
3,7
0,3
0,3
0,3
3,0
3,0
0,16
0,3
0,0
0,0
0,0
3,1
3,0
0,16
3,3
0,0
0,13
0,0
3,3
0,0
16,3
0,0
0,16
4,3
16,0
0,4
0,16
4,3
3,5
0,4
0,3
0,15
0,0
0,0
3,0
3,2
0,14
4,3
0,0
3,4
0,4
0,3
5,0
0,0
3,5
0,0
3,3
4,19
3,3
3,4
0,0
0,0
4,13
17,5
0,0
7,17
3,14
0,7
0,4
0,0
3,0
16,0
0,3
3,16
7,0
3,3
0,7
19,3
4,0
11,16
3,13
0,15
3,4
0,0
0,11
3,3
0,11
0,0
0,0
0,0
2,3
0,3
3,5
2,3
3,0
0,2
0,7
0,3
0,0
3,0
0,0
0,16
0,0
3,0
0,0
4,3
0,0
0,4
3,0
0,0
4,3
0,0
0,8
2,0
3,5
0,2
3,3
0,0
0,3
17,0
0,16
3,0
0,0
0,4
0,0
0,0
3,0
3,0
3,3
0,0
4,0
0,7
0,3
0,3
0,0
0,4
3,0
4,0
3,0
0,4
0,3
3,1
2,5
0,3
3,3
19,3
0,0
7,19
3,0
0,7
0,0
3,5
0,0
0,3
4,0
4,0
4,5
4,4
16,3
0,0
3,16
16,0
3,3
0,16
4,3
0,0
7,4
0,0
3,3
0,0
15,3
7,13
3,15
0,0
3,3
0,0
0,0
4,0
0,0
0,4
0,19
3,2
0,0
0,3
3,0
3,3
0,0
3,3
14,3
0,3
0,14
0,0
4,4
0,5
0,4
0,0
0,0
0,0
0,17
15,3
0,14
3,15
0,0
4,3
3,0
0,4
0,3
0,0
17,0
0,0
3,17
7,0
0,4
0,7
0,0
4,3
3,0
3,2
0,4
4,3
3,3
1,4
3,3
0,0
19,4
7,0
0,19
4,0
3,4
4,0
0,5
16,4
5,8
3,16
15,5
3,3
0,15
3,3
0,4
0,0
16,0
0,0
4,16
0,3
3,4
0,0
5,3
4,7
17,4
0,4
0,17
0,0
0,0
0,3
5,1
0,3
0,5
0,0
3,0
7,0
0,3
0,7
3,0
0,0
0,3
4,3
0,16
4,0
0,0
0,3
0,0
3,4
0,1
3,1
0,0
3,3
3,0
2,0
0,3
15,4
0,3
0,15
3,0
0,0
0,3
0,0
0,0
0,0
0,0
0,0
3,3
3,7
17,0
3,3
0,4
0,4
0,0
3,7
3,0
0,0
0,17
13,0
0,13
3,3
3,0
0,0
11,17
0,0
3,7
3,3
0,3
0,13
0,0
0,0
0,4
1,11
3,0
16,1
0,14
17,0
0,14
11,0
4,0
7,0
4,4
19,0
0,4
4,0
3,0
4,4
3,15
0,4
2,3
4,3
4,2
3,4
4,4
3,1
0,4
3,5
0,4
0,0
19,0
0,0
3,16
0,0
0,0
0,17
3,8
3,0
4,3
0,3
0,4
0,3
0,3
4,3
4,0
0,4
0,17
0,3
0,0
0,3
0,3
0,3
0,17
0,3
0,0
3,0
0,3
3,1
0,4
0,3
3,0
2,4
15,3
0,0
0,15
2,0
4,4
4,2
0,0
3,0
7,0
0,0
4,7
0,0
0,4
0,0
0,0
3,16
0,0
0,3
16,0
0,0
4,4
2,7
3,4
0,2
0,0
0,3
14,7
4,0
0,14
3,3
4,0
0,4
16,4
4,0
0,16
0,0
16,7
4,3
0,16
3,4
4,0
0,3
0,4
3,3
3,0
1,3
3,3
19,1
0,3
0,3
17,3
17,0
3,17
0,17
0,3
4,0
0,4
0,4
0,3
0,4
1,3
5,0
2,0
3,5
4,2
0,16
16,4
0,3
0,16
0,0
0,3
0,0
0,0
0,3
3,0
7,0
0,3
3,7
0,0
3,3
0,0
3,3
0,3
0,0
0,3
0,0
4,1
0,3
7,4
0,0
0,7
0,0
3,0
3,0
5,5
4,0
0,5
8,4
4,3
0,8
0,4
4,0
4,0
0,4
3,4
17,14
4,3
3,5
0,4
2,3
3,3
16,2
0,3
0,0
4,3
0,7
0,0
14,0
0,0
0,14
3,17
0,3
3,3
3,0
3,3
0,14
0,0
0,3
3,0
0,3
3,0
0,0
2,3
0,0
4,2
0,2
3,16
0,0
0,3
0,0
0,5
0,0
14,0
4,0
4,14
0,4
0,8
0,0
4,0
0,3
0,4
17,0
3,3
4,0
11,2
0,4
17,11
0,0
3,17
7,0
3,4
0,7
0,3
0,4
4,0
3,0
0,4
0,3
3,2
4,0
0,0
4,0
0,3
2,4
4,16
4,11
3,4
4,4
0,3
0,4
2,0
0,0
16,4
3,3
3,16
0,3
0,1
0,17
0,3
3,0
0,13
0,0
3,0
0,0
0,0
4,0
0,3
0,4
0,5
4,4
0,0
0,3
0,0
0,0
4,3
7,4
3,4
0,7
16,3
0,0
0,4
4,0
4,0
5,4
3,0
0,5
0,0
0,5
4,0
0,5
4,4
3,0
3,5
3,0
5,0
14,3
0,5
0,17
3,0
3,5
3,1
0,0
0,0
3,0
19,3
0,0
3,3
0,3
3,0
3,4
0,3
7,4
4,0
0,7
4,2
0,4
5,4
0,0
0,5
13,0
16,3
14,2
3,16
7,14
0,0
3,0
0,0
3,3
0,17
0,4
0,3
16,3
0,0
0,16
11,0
3,0
17,11
0,0
0,2
0,0
3,0
14,3
0,0
0,0
3,1
3,3
3,3
3,0
3,17
4,3
3,0
0,0
3,3
0,4
0,1
0,4
0,0
5,0
3,0
3,5
2,3
4,0
3,2
3,4
19,15
3,3
3,0
1,3
0,3
3,3
0,0
0,3
7,0
0,7
0,7
3,0
3,0
0,3
0,3
16,0
3,0
0,16
3,0
0,2
0,3
0,16
0,0
0,0
0,0
4,7
4,5
0,4
3,4
0,0
0,16
0,0
3,3
3,0
0,3
0,3
0,2
4,7
0,0
3,4
11,0
8,8
0,11
0,8
3,14
0,16
0,5
0,0
0,0
7,0
0,3
5,7
0,0
0,3
0,0
4,0
0,4
0,4
4,3
17,5
0,4
0,0
4,3
3,0
0,4
8,0
3,3
0,13
0,0
3,15
0,3
0,3
4,0
0,1
7,4
3,1
0,7
0,0
0,0
0,0
4,3
3,0
0,4
0,3
0,0
0,7
0,3
0,0
0,0
4,0
4,0
4,3
0,4
0,4
0,0
4,0
0,0
4,3
3,0
0,16
16,3
7,0
0,16
3,7
14,5
0,1
0,13
0,7
3,4
0,16
0,3
3,4
3,14
0,3
0,3
3,0
0,0
0,3
0,0
4,0
0,3
7,4
3,0
0,7
0,3
3,2
0,3
0,3
2,5
0,3
4,16
0,0
7,4
3,0
4,7
0,0
3,4
4,0
0,3
0,4
0,4
7,3
0,0
0,8
4,0
3,5
3,4
3,17
3,3
0,0
3,3
3,3
0,0
0,0
7,0
0,0
0,7
0,0
3,0
0,3
0,0
2,0
2,0
4,16
0,2
4,16
0,0
0,4
0,4
0,3
0,0
0,0
5,3
3,0
8,5
13,3
1,7
0,13
3,4
4,1
0,3
13,5
0,14
4,13
3,3
5,4
0,0
3,17
4,0
0,0
0,4
16,0
0,1
0,16
0,0
15,4
0,0
0,15
0,0
3,0
0,0
0,4
0,3
13,0
0,0
0,13
4,3
4,3
0,4
0,17
0,16
0,16
3,0
0,0
0,7
0,0
0,4
0,0
3,0
4,0
4,0
0,4
5,16
4,3
3,5
0,16
0,3
0,0
0,3
0,0
0,0
0,0
3,0
2,0
0,3
0,2
3,0
0,5
0,5
16,7
1,0
19,16
0,17
0,19
0,17
0,3
4,0
0,0
3,4
0,4
4,3
4,7
0,4
3,3
3,15
0,3
0,19
0,1
5,3
0,4
1,5
0,0
16,17
0,0
0,16
17,0
0,17
7,17
0,0
0,7
0,16
8,0
0,5
0,8
0,3
7,0
0,3
0,0
0,0
3,3
0,0
0,3
7,0
3,0
0,7
14,3
5,3
3,14
0,5
5,11
4,3
0,1
3,16
0,3
0,0
0,0
0,3
0,19
2,3
7,1
0,2
0,7
0,0
2,3
3,0
11,0
3,11
3,11
16,16
0,3
0,16
0,0
0,0
0,0
5,0
4,5
0,5
0,8
0,0
5,3
14,0
3,5
2,14
0,3
0,17
0,3
3,5
0,0
4,0
11,0
0,4
0,11
3,0
3,0
3,0
0,3
0,3
0,3
16,0
7,3
0,16
0,7
0,0
3,0
0,0
3,3
0,3
4,3
7,0
0,4
0,3
0,4
0,0
4,0
3,4
3,3
